branch,cgpa,internships,projects_completed,backlogs,coding_score,communication_score,certifications,extracurricular,placed
Civil,7.06,1,2,3,38.4,74.4,2,0,0
ECE,6.99,0,4,0,96.6,67.7,1,1,1
Electrical,8.09,1,4,0,100.0,50.8,0,1,1
Civil,8.14,0,3,0,52.0,35.3,1,0,0
CSE,6.92,0,4,2,87.0,46.1,0,0,0
Chemical,7.04,1,0,0,,,1,1,1
Civil,7.89,1,2,1,86.1,48.8,0,0,1
Electrical,6.66,3,0,0,25.0,74.7,1,0,1
CSE,7.03,0,4,1,,74.6,3,0,0
ECE,7.48,1,4,0,61.9,93.2,0,1,1
ECE,8.3,0,0,0,18.6,48.5,1,0,0
Chemical,6.86,0,0,1,42.5,84.0,2,1,0
Mechanical,5.74,2,2,1,94.3,83.9,2,0,1
Electrical,5.68,0,1,0,48.2,56.5,0,0,0
ECE,6.27,1,3,0,86.2,67.1,1,0,1
CSE,6.22,1,1,0,95.6,78.6,2,1,1
Mechanical,7.26,0,3,3,59.8,59.1,3,0,0
CSE,6.33,3,2,1,83.2,58.0,1,1,1
Electrical,6.77,1,2,1,34.1,50.6,1,1,0
Mechanical,6.7,2,1,1,45.1,24.6,2,0,0
Civil,7.0,1,4,1,77.3,61.1,1,0,1
ECE,8.59,3,2,0,74.1,49.4,0,1,1
Chemical,8.0,0,2,0,61.6,43.9,2,0,1
Electrical,7.41,1,2,1,67.4,66.3,1,1,1
Civil,6.99,2,4,0,100.0,38.2,1,1,1
CSE,7.01,0,3,0,70.3,72.1,1,0,1
ECE,7.69,1,3,0,100.0,67.3,2,0,0
CSE,7.93,3,2,2,83.4,54.0,1,1,1
CSE,6.58,1,3,1,100.0,59.1,1,0,0
Civil,7.43,1,1,0,30.0,42.1,1,0,0
Civil,5.57,1,3,3,61.3,71.3,0,0,0
Chemical,7.59,2,2,0,51.9,62.8,1,0,0
ECE,8.09,2,2,0,73.5,63.9,1,0,1
ECE,7.15,1,4,3,97.0,67.5,2,1,0
ECE,9.03,0,4,1,79.8,50.4,1,0,0
CSE,6.61,0,2,2,97.0,,1,0,0
CSE,7.6,1,2,1,64.9,74.4,1,1,1
ECE,7.37,2,3,1,59.2,70.3,0,0,0
CSE,7.31,1,4,0,83.3,52.0,0,0,1
Civil,7.3,0,3,0,55.3,66.1,3,1,1
ECE,7.5,0,0,2,57.7,78.9,0,0,0
Electrical,8.16,1,1,2,44.7,77.1,3,1,0
Civil,8.64,2,3,0,81.6,51.5,1,1,1
ECE,7.4,0,3,0,63.5,37.7,1,0,0
Electrical,8.13,1,3,0,93.7,40.2,1,0,1
Electrical,6.77,2,3,0,70.2,55.3,3,0,1
ECE,8.09,3,2,2,84.7,81.9,2,1,1
CSE,6.71,0,2,0,85.0,49.1,1,0,0
Civil,8.38,3,3,0,47.2,51.1,1,1,1
CSE,9.39,1,1,2,80.6,50.7,1,1,1
CSE,7.29,2,3,0,100.0,52.0,2,1,1
CSE,5.43,0,3,0,82.5,59.8,1,0,1
Electrical,6.91,1,3,0,84.2,40.8,1,1,0
Civil,8.51,1,1,0,64.5,76.3,1,1,1
Civil,7.9,0,3,0,61.5,57.8,0,0,0
Electrical,7.62,1,1,0,65.4,97.2,1,1,1
ECE,8.31,1,1,0,75.9,42.4,2,0,1
Mechanical,7.84,1,2,0,72.7,83.8,1,1,0
CSE,8.5,0,0,0,44.7,80.9,1,0,1
CSE,8.23,1,4,0,87.5,53.8,2,0,1
Civil,8.77,0,4,3,55.7,54.1,1,1,0
ECE,7.72,3,0,0,60.0,46.2,1,0,0
Mechanical,8.21,3,3,0,89.3,46.4,0,0,1
Civil,7.12,0,2,2,39.8,60.0,1,0,0
Mechanical,6.86,0,3,0,34.9,60.3,1,1,0
Mechanical,8.94,0,3,0,74.3,36.0,0,0,0
Mechanical,7.59,1,2,1,33.4,94.4,1,1,0
ECE,8.12,2,1,0,33.3,56.1,2,1,1
CSE,7.51,1,0,0,87.3,61.0,3,0,1
ECE,6.87,0,2,1,69.9,50.6,2,0,0
CSE,7.41,0,4,1,89.5,56.0,0,0,0
ECE,8.69,0,2,0,59.0,,0,1,0
Electrical,7.9,2,2,0,42.1,60.0,4,1,1
CSE,5.86,1,0,0,49.7,59.8,1,1,0
CSE,7.21,1,4,1,78.1,72.1,0,1,0
CSE,9.0,0,1,0,49.1,63.4,0,1,0
CSE,7.21,3,3,0,89.5,70.6,1,1,1
Civil,5.78,0,3,0,47.7,59.9,1,0,0
Mechanical,9.1,2,1,2,61.3,63.5,1,1,0
Electrical,8.01,2,0,0,63.8,56.4,0,0,1
Civil,7.34,1,2,0,62.0,75.0,1,0,0
ECE,7.07,2,1,0,77.0,64.8,3,0,1
Electrical,8.37,0,3,1,59.8,57.6,0,0,1
CSE,6.91,1,3,0,83.3,57.2,2,0,0
CSE,8.43,0,1,2,76.2,58.4,0,0,1
CSE,7.89,1,2,0,,60.5,2,0,1
Civil,7.62,0,0,0,58.6,59.2,2,1,0
ECE,7.53,0,1,0,66.7,51.6,2,0,0
CSE,7.24,0,3,0,88.2,71.5,1,0,1
Mechanical,8.34,0,3,0,36.8,72.4,3,1,1
CSE,6.62,1,3,1,,,2,1,0
Civil,5.94,1,1,0,32.4,50.9,2,1,1
ECE,7.95,0,2,1,80.4,70.0,1,0,1
ECE,7.97,3,2,0,47.7,31.4,1,0,0
ECE,7.83,3,4,0,62.3,72.4,0,1,0
Mechanical,7.77,0,3,0,69.6,38.2,4,0,0
ECE,7.11,1,4,0,63.7,45.2,2,1,1
CSE,8.11,1,1,0,57.3,65.0,2,0,1
CSE,7.36,2,2,3,95.3,50.7,0,0,0
Chemical,6.96,1,3,2,77.1,48.6,1,1,0
Chemical,7.12,2,2,1,72.0,52.7,1,0,0
Civil,9.22,0,2,2,68.3,70.9,1,0,1
CSE,5.84,0,2,0,70.8,46.0,2,1,0
Chemical,7.85,2,4,0,61.3,59.2,0,0,0
Civil,5.89,1,1,0,40.3,54.3,0,0,1
Civil,7.3,2,4,2,66.0,72.3,2,0,0
ECE,7.01,0,2,0,57.5,72.7,1,0,0
CSE,5.52,0,2,0,67.2,32.5,3,1,0
CSE,7.75,0,2,1,85.8,75.7,2,0,1
Chemical,7.06,0,1,0,73.3,50.8,3,0,0
ECE,5.51,0,4,1,80.2,63.5,2,0,0
CSE,8.16,1,4,0,100.0,45.9,2,1,1
ECE,8.69,1,4,1,62.3,65.6,2,0,0
Mechanical,8.74,1,4,2,31.9,98.3,0,1,1
CSE,7.72,1,3,0,92.9,61.9,2,0,1
Electrical,7.44,0,2,0,49.1,53.1,6,0,1
Civil,8.6,1,3,0,53.1,56.5,4,1,1
Civil,8.91,0,0,0,15.1,38.0,1,0,0
ECE,8.42,2,3,0,57.8,81.7,0,1,1
Mechanical,6.55,0,2,0,30.0,64.7,2,1,1
Mechanical,7.58,1,3,0,54.2,44.3,0,1,1
Mechanical,7.8,2,2,0,53.9,44.8,1,0,1
CSE,5.77,1,2,0,78.6,60.2,0,1,1
ECE,7.82,1,0,2,85.3,74.0,0,0,0
CSE,9.45,1,2,0,89.2,42.7,3,1,1
ECE,7.98,0,2,0,37.8,76.7,0,0,0
ECE,8.73,1,1,0,76.9,58.6,2,0,1
CSE,7.56,2,1,0,78.0,46.0,3,0,1
CSE,7.33,3,2,2,79.2,53.0,0,0,1
Mechanical,7.74,1,1,0,55.6,86.2,0,1,1
CSE,6.67,0,3,1,81.7,39.2,2,0,0
Chemical,6.53,2,1,0,43.5,49.0,0,0,0
Mechanical,8.54,1,2,1,55.7,74.3,0,1,1
ECE,8.64,0,1,1,85.3,63.2,2,0,1
Mechanical,6.51,0,2,1,44.3,48.1,3,1,0
CSE,8.27,0,2,0,56.5,74.5,0,0,1
Chemical,7.32,1,2,0,55.9,75.2,4,0,1
ECE,7.71,0,2,1,46.6,65.0,2,0,1
Electrical,7.81,0,2,0,32.0,50.8,1,0,0
CSE,8.29,0,1,0,65.8,53.1,2,0,0
ECE,7.47,3,2,0,99.1,64.3,2,1,1
ECE,8.67,0,2,0,66.3,40.3,1,0,1
Chemical,7.68,0,3,0,61.2,79.9,2,1,1
Mechanical,7.96,1,2,0,20.7,85.5,1,0,0
ECE,6.65,0,3,0,77.9,56.5,0,1,1
CSE,9.34,3,2,0,82.7,65.3,2,0,1
ECE,7.82,3,1,0,58.0,77.8,1,0,1
Mechanical,8.04,1,1,1,59.2,89.3,1,0,1
ECE,5.95,1,0,0,66.1,83.4,0,0,0
CSE,6.66,1,2,1,57.9,34.0,0,1,0
Electrical,8.51,0,3,0,72.0,55.3,0,0,1
Electrical,7.66,0,3,0,87.5,67.5,3,0,1
CSE,5.68,0,2,1,70.9,52.6,0,1,0
Mechanical,8.33,0,1,1,38.4,86.7,2,0,1
CSE,6.91,1,3,1,76.8,84.4,1,0,0
Civil,8.67,0,0,1,62.4,47.8,2,0,0
CSE,7.32,0,2,1,52.9,57.6,2,0,0
Civil,7.58,1,3,1,,48.8,1,0,1
Civil,8.46,1,2,1,42.8,57.1,2,1,1
Civil,6.59,0,1,1,54.4,56.6,0,1,1
CSE,6.51,0,1,0,61.8,74.3,6,1,0
Chemical,7.22,0,2,0,44.8,46.7,0,0,1
CSE,8.14,0,1,0,99.4,20.7,2,0,1
CSE,6.2,2,3,0,56.6,35.9,2,1,1
Mechanical,5.9,3,2,1,71.7,44.6,1,0,0
ECE,8.14,1,1,0,97.2,50.2,0,0,1
Electrical,6.86,1,1,0,74.3,62.8,0,0,0
Electrical,7.05,2,3,1,46.0,43.8,2,1,1
ECE,5.73,1,2,0,45.9,41.8,1,0,0
Chemical,6.79,0,3,1,44.5,46.1,0,1,0
CSE,7.39,0,2,0,77.8,43.3,1,0,0
Mechanical,8.24,1,0,0,57.1,51.7,1,1,1
CSE,6.71,1,2,0,54.1,51.0,1,0,0
Chemical,8.89,0,2,0,39.3,70.3,4,1,1
CSE,6.78,0,2,0,60.4,45.2,0,0,1
CSE,6.79,0,3,0,74.7,54.6,0,1,0
ECE,8.78,0,4,0,100.0,51.8,0,0,1
Chemical,7.59,1,3,0,43.2,72.1,0,1,0
Electrical,6.9,1,2,1,47.4,57.7,1,1,1
Civil,7.26,1,2,0,34.6,75.8,1,1,0
Electrical,8.62,0,2,0,74.4,42.7,1,0,1
Electrical,8.72,0,1,0,59.3,59.3,1,0,0
Mechanical,6.66,2,3,2,47.9,51.4,1,1,0
ECE,7.36,1,3,1,65.5,41.6,2,1,0
Civil,7.48,0,1,3,35.8,59.0,0,0,0
Civil,6.51,0,4,2,64.3,86.0,0,0,0
ECE,7.35,2,3,0,100.0,47.2,2,0,1
CSE,7.4,2,2,1,88.9,58.1,1,0,0
Civil,8.43,2,4,0,61.3,40.3,1,0,1
CSE,8.49,1,1,2,62.0,38.1,3,1,1
Chemical,7.1,1,0,0,26.8,48.2,1,0,0
CSE,7.21,1,1,0,87.2,53.3,5,1,1
CSE,8.0,0,2,2,87.2,53.9,0,1,0
Electrical,6.87,1,2,1,56.6,56.6,1,0,1
CSE,7.93,1,4,3,100.0,35.3,1,0,0
CSE,7.32,0,1,0,72.4,,2,0,1
Mechanical,6.53,2,1,0,71.9,67.5,4,0,1
Electrical,6.54,1,2,0,70.3,39.6,0,1,0
CSE,8.7,0,0,0,65.8,54.7,5,1,1
ECE,7.26,0,3,0,52.8,64.4,3,0,1
Civil,8.88,2,2,0,54.4,48.3,0,1,1
Chemical,6.94,3,4,1,,65.1,3,0,0
Mechanical,7.66,1,3,0,52.9,37.2,1,0,1
CSE,9.55,3,0,1,82.9,73.3,2,1,1
CSE,6.45,2,0,2,53.5,65.5,1,0,0
CSE,5.69,2,0,0,87.0,60.8,3,0,0
CSE,8.56,2,4,0,90.6,76.9,0,0,1
Civil,6.66,1,3,0,36.4,55.1,1,0,1
CSE,7.38,2,2,0,75.0,50.7,1,0,1
Mechanical,6.87,1,1,1,72.8,80.6,0,1,0
Civil,7.64,2,3,0,,87.6,1,0,0
Mechanical,6.54,0,1,0,34.7,49.6,1,1,0
CSE,7.24,2,3,3,80.7,58.3,1,0,0
Electrical,7.8,3,3,1,100.0,75.7,0,0,1
Civil,6.49,0,1,1,37.9,58.8,1,1,0
Civil,6.77,3,2,0,67.9,68.9,1,1,1
CSE,7.09,1,1,3,78.7,71.7,0,1,0
CSE,6.11,0,2,0,64.4,51.6,0,0,1
Chemical,7.02,0,4,0,63.9,66.3,1,0,1
ECE,7.51,2,3,2,65.9,59.9,0,1,0
ECE,7.04,1,3,2,65.6,41.7,3,1,0
ECE,7.16,0,2,0,37.1,45.2,1,1,1
Civil,7.38,1,1,0,51.6,50.2,2,0,1
Chemical,6.81,0,3,0,74.2,73.9,3,0,1
CSE,8.02,1,2,1,78.0,74.4,1,0,0
Chemical,8.69,2,1,1,75.6,71.2,1,0,1
CSE,6.98,1,2,0,87.4,66.6,1,0,0
Mechanical,7.84,2,2,0,59.9,66.2,3,0,1
Mechanical,7.18,1,3,1,,64.2,1,0,0
CSE,7.73,3,1,1,69.2,66.1,0,1,1
CSE,8.81,0,3,0,51.5,67.1,1,1,1
ECE,7.86,0,2,0,62.2,38.9,1,1,0
Chemical,5.8,0,1,3,54.6,48.1,0,0,0
Mechanical,7.81,1,1,0,86.9,44.6,3,0,0
Chemical,8.51,1,3,0,69.5,76.6,0,1,0
Electrical,7.2,2,2,0,51.4,84.8,0,0,1
ECE,8.3,0,2,0,41.1,27.5,0,1,0
Electrical,6.78,0,1,2,56.3,83.5,1,0,0
CSE,6.06,1,3,0,94.6,61.3,1,1,1
CSE,7.53,3,3,0,80.0,75.2,1,0,1
Electrical,5.82,0,1,0,69.8,67.6,1,1,0
Electrical,7.18,0,4,1,65.7,81.6,3,1,1
CSE,8.56,0,0,0,81.9,63.1,2,0,1
Mechanical,5.68,1,1,0,27.2,39.5,1,1,0
Mechanical,6.25,0,2,0,85.9,58.4,1,1,0
Electrical,6.47,0,3,0,46.0,67.7,1,1,1
Mechanical,7.34,1,1,3,70.3,56.8,1,0,0
ECE,7.07,0,2,1,62.1,69.9,0,0,0
ECE,8.66,1,1,1,63.9,59.0,1,1,1
ECE,8.26,0,2,0,62.7,51.1,0,1,1
Civil,7.85,3,3,0,66.6,43.7,0,1,1
Electrical,7.53,1,4,3,79.2,54.1,0,0,0
ECE,7.75,0,2,0,86.1,63.1,2,1,1
CSE,6.62,0,2,1,100.0,30.6,2,1,0
CSE,8.17,1,2,0,83.0,48.3,1,1,1
Civil,6.4,2,1,0,84.8,30.0,2,1,0
Electrical,8.15,0,1,0,61.7,50.7,3,0,1
CSE,8.47,0,4,0,100.0,78.0,0,1,1
CSE,7.59,0,1,0,79.7,42.2,1,1,0
Mechanical,7.24,1,3,0,52.1,70.5,0,0,0
CSE,7.76,3,1,0,81.3,100.0,1,0,1
Electrical,5.0,1,3,0,77.1,81.8,0,1,0
ECE,7.67,0,1,2,63.4,62.0,2,0,0
CSE,7.3,2,4,0,92.4,72.9,1,0,1
Chemical,7.35,2,3,1,77.6,39.5,1,1,1
CSE,8.04,0,0,0,68.6,36.4,0,1,0
CSE,7.33,0,3,0,25.0,60.4,1,1,0
CSE,6.37,1,2,0,100.0,66.0,0,0,1
CSE,7.27,2,1,2,70.6,76.4,0,0,0
CSE,7.46,1,1,0,59.2,51.5,1,0,1
CSE,7.5,1,3,2,59.8,62.9,2,0,1
CSE,7.55,2,3,0,75.9,62.4,3,1,1
CSE,8.34,0,1,1,61.9,58.0,1,0,0
Mechanical,6.42,0,3,1,46.7,58.9,1,0,0
Civil,7.56,0,1,3,37.7,47.2,0,1,0
ECE,8.56,2,0,0,74.5,64.2,1,0,1
ECE,5.84,1,2,3,100.0,62.9,1,0,0
Mechanical,7.56,0,1,0,68.8,53.4,1,0,1
Electrical,6.87,0,1,1,80.2,70.0,1,0,0
Electrical,7.07,2,2,0,60.2,75.4,2,0,1
CSE,6.59,2,1,0,77.9,70.2,1,1,1
CSE,7.25,1,1,0,81.7,44.4,0,1,0
CSE,9.06,0,3,1,66.1,61.5,2,1,0
CSE,6.26,3,2,0,73.3,46.3,2,1,1
Mechanical,6.35,2,3,0,79.4,61.4,1,0,1
ECE,6.23,1,2,0,88.6,46.4,2,1,0
CSE,8.95,1,2,1,,79.2,1,0,1
ECE,6.98,3,1,0,48.5,71.7,0,0,0
Mechanical,7.38,3,3,1,60.7,77.3,0,0,1
CSE,7.04,1,1,0,48.1,75.8,0,0,1
Electrical,6.55,1,1,1,63.4,55.9,0,0,1
CSE,7.19,1,3,1,84.6,53.6,2,0,1
Chemical,9.61,2,3,1,57.1,86.1,1,0,1
CSE,8.65,1,2,1,81.4,,2,0,1
Electrical,6.63,0,0,0,64.5,39.7,0,0,0
Chemical,7.98,0,1,0,56.6,75.1,1,1,1
Chemical,6.65,3,2,1,39.4,,0,0,0
Electrical,5.8,2,3,0,65.4,82.6,2,1,1
Civil,8.32,3,2,0,66.4,63.6,2,0,1
Mechanical,8.44,1,0,1,81.4,59.7,2,0,1
Civil,8.34,2,1,0,49.1,82.9,0,1,1
CSE,6.98,2,2,0,88.9,36.9,1,1,1
Mechanical,7.25,0,3,3,75.8,51.2,1,0,0
Mechanical,8.07,0,0,0,47.5,46.7,1,0,0
Electrical,7.75,3,0,0,83.7,27.1,2,1,1
ECE,7.05,0,1,0,85.6,73.1,0,0,1
ECE,5.94,1,0,0,87.8,51.6,0,0,1
Mechanical,7.5,1,2,1,67.3,73.6,2,0,0
CSE,8.37,1,1,1,100.0,65.8,1,1,1
CSE,6.32,0,2,0,63.9,69.1,2,0,0
ECE,7.97,2,3,0,100.0,53.2,1,1,0
ECE,7.7,0,4,0,86.8,48.5,0,1,1
CSE,8.08,2,4,0,100.0,61.3,0,1,1
ECE,8.18,0,1,1,58.2,73.8,1,0,0
ECE,6.77,1,0,0,78.2,59.2,1,1,1
ECE,5.94,2,1,0,93.7,49.5,4,0,1
ECE,6.92,0,3,1,50.4,42.0,0,0,0
Civil,8.2,0,0,1,44.1,63.1,1,0,0
CSE,6.91,2,2,0,40.5,51.7,2,1,1
Chemical,6.78,0,1,0,48.8,58.9,1,1,1
Chemical,5.76,0,1,0,37.3,56.4,1,1,1
ECE,8.98,1,3,0,68.1,53.3,1,0,1
ECE,8.14,3,3,0,100.0,64.4,3,1,1
Mechanical,8.09,1,2,1,89.9,68.3,2,1,0
Electrical,8.27,1,4,2,45.1,89.5,3,1,0
Civil,7.92,3,1,0,66.0,71.4,1,1,1
Electrical,7.18,1,1,0,76.4,83.9,0,0,0
Mechanical,7.25,1,2,0,52.9,47.7,1,1,0
Mechanical,7.02,1,3,0,65.2,36.0,0,1,0
CSE,9.77,0,2,0,80.0,59.8,2,1,1
Civil,7.9,0,0,0,22.8,72.9,1,0,1
CSE,6.98,1,4,2,64.4,70.5,1,0,0
Civil,7.82,0,1,1,53.1,78.2,0,0,0
Electrical,6.49,1,2,2,66.8,22.0,6,0,0
CSE,8.75,0,2,0,,78.8,2,0,1
Mechanical,6.81,1,4,0,50.7,65.0,1,1,1
CSE,7.85,0,3,0,76.4,36.8,2,0,1
Civil,8.36,1,4,0,,70.9,0,0,1
CSE,7.75,2,1,0,74.6,62.5,0,0,1
Chemical,7.49,1,2,1,86.2,65.7,2,0,0
CSE,7.41,0,3,1,65.5,75.0,3,0,0
Chemical,7.35,0,2,0,58.5,66.5,0,1,0
Electrical,6.88,2,2,0,60.6,37.9,3,1,0
Mechanical,7.0,0,4,0,73.6,57.9,1,0,0
Electrical,8.73,2,1,0,49.9,35.7,2,0,1
Electrical,7.3,0,2,0,97.7,69.7,2,1,1
Chemical,6.69,0,3,0,27.6,81.0,1,0,0
CSE,6.94,2,4,0,100.0,41.4,0,1,1
Mechanical,8.39,1,4,3,66.6,49.9,1,1,0
CSE,8.01,0,3,0,87.9,46.8,1,1,1
Mechanical,7.9,3,0,0,81.0,53.2,1,0,1
CSE,7.17,0,4,0,96.4,66.2,3,1,1
Mechanical,7.92,1,2,1,45.9,53.4,2,1,1
Mechanical,6.82,1,3,0,72.8,69.8,3,0,1
ECE,7.17,1,2,0,100.0,76.0,2,0,0
Mechanical,8.27,2,3,0,48.0,76.5,2,0,1
Civil,8.19,0,2,0,91.1,43.2,2,0,0
Electrical,6.52,3,3,0,78.9,80.8,2,1,1
ECE,6.63,1,1,0,58.2,82.0,1,0,1
Mechanical,7.5,3,1,0,43.9,,1,0,1
Chemical,8.95,2,2,1,55.0,57.6,1,0,1
CSE,5.68,3,0,0,39.8,48.7,0,1,0
CSE,7.65,1,3,0,72.5,45.2,0,1,1
CSE,6.16,1,1,0,69.3,43.5,1,1,0
Civil,6.83,1,2,0,35.7,60.2,2,1,0
ECE,7.07,1,0,0,76.5,72.7,1,0,1
Civil,7.02,1,1,0,48.1,79.6,0,1,1
Civil,6.92,2,2,0,45.6,52.7,1,0,1
ECE,7.41,0,1,3,58.1,59.4,1,0,0
Electrical,6.92,2,1,0,70.4,58.4,3,1,1
Civil,6.08,0,1,2,51.3,50.5,2,1,0
CSE,8.1,3,1,2,65.4,71.0,1,1,1
ECE,8.08,0,2,0,69.3,65.4,2,1,0
ECE,8.16,0,1,0,63.1,62.1,0,0,1
CSE,6.01,2,2,0,58.5,65.4,4,0,1
CSE,7.67,2,3,3,76.8,69.2,1,0,0
Chemical,8.01,2,2,0,69.4,69.1,1,1,1
ECE,6.47,3,2,0,83.3,47.4,1,1,1
ECE,7.41,0,1,0,59.9,73.4,2,1,1
Civil,7.3,2,4,1,75.2,63.8,0,0,1
Mechanical,9.06,1,2,0,41.4,53.5,3,0,1
Chemical,9.13,1,1,0,36.9,63.5,1,0,0
Electrical,5.9,1,4,0,66.5,65.2,1,1,1
ECE,9.64,0,3,0,97.0,76.2,1,1,1
ECE,6.58,1,2,2,71.9,44.3,2,0,0
Chemical,8.28,2,3,1,57.0,79.9,1,1,1
Civil,8.27,0,0,0,74.8,60.3,2,1,1
Chemical,6.5,3,3,0,58.8,52.4,0,0,1
CSE,7.84,1,3,1,100.0,51.9,0,0,1
Electrical,7.3,0,2,0,53.8,45.0,0,0,0
Mechanical,7.9,1,1,0,37.8,33.9,0,1,0
CSE,7.61,0,1,0,69.0,70.2,1,0,1
Mechanical,8.48,0,4,0,58.5,89.7,1,0,1
Civil,7.47,1,1,3,37.5,35.7,0,0,0
CSE,7.25,0,1,1,100.0,,0,1,1
ECE,8.39,0,3,0,75.7,71.3,0,0,1
Electrical,7.92,2,3,1,78.4,59.3,1,1,1
CSE,8.06,0,1,0,,72.5,2,0,1
ECE,6.8,2,3,2,63.6,58.5,0,1,0
ECE,6.46,2,2,0,89.5,51.3,2,1,1
ECE,6.89,0,3,0,39.8,,5,0,1
Chemical,6.84,1,0,0,30.4,24.3,2,1,0
Electrical,8.11,0,0,0,52.5,42.8,1,1,1
CSE,8.28,1,2,0,100.0,74.2,2,0,1
Chemical,7.26,0,1,0,45.3,77.9,0,1,0
Electrical,8.69,3,2,1,76.5,81.1,1,1,0
CSE,8.63,0,0,1,69.5,66.6,1,1,1
Electrical,7.62,1,3,0,91.3,26.2,1,1,1
CSE,6.66,0,3,0,49.5,50.5,0,1,1
Chemical,8.82,0,3,0,71.2,79.9,0,0,1
Civil,7.35,1,4,0,57.4,84.3,1,0,1
Civil,7.51,1,4,0,77.6,80.4,2,0,1
CSE,7.09,3,2,2,66.3,56.5,4,1,1
Electrical,6.6,0,2,3,63.4,40.4,1,0,0
CSE,6.08,0,3,0,76.2,59.4,0,0,0
CSE,7.97,1,4,1,65.0,60.2,1,1,0
CSE,6.69,1,4,0,60.0,83.5,1,0,1
Civil,10.0,2,3,0,49.6,63.4,1,0,1
CSE,6.42,3,1,0,80.3,60.3,0,1,1
Chemical,6.27,2,4,0,51.4,61.1,0,1,0
Civil,7.86,0,4,0,53.1,,3,1,0
CSE,8.78,1,3,3,46.1,69.4,3,0,0
CSE,7.46,2,3,0,75.3,49.1,1,1,1
CSE,7.92,0,2,0,93.4,44.1,1,1,1
Mechanical,5.74,1,4,0,77.7,80.6,2,0,1
Electrical,6.79,0,0,3,55.4,35.4,1,0,0
CSE,6.43,0,3,0,82.4,84.6,2,0,0
Electrical,5.69,2,0,2,46.1,31.3,2,1,0
CSE,7.51,0,1,2,100.0,51.2,2,0,0
Electrical,5.38,3,1,0,,74.6,1,0,1
Chemical,6.21,0,2,1,58.0,60.0,4,0,0
Civil,6.92,0,1,1,96.6,40.3,2,1,1
Civil,6.65,0,4,1,46.8,66.4,0,0,1
Electrical,7.76,0,2,0,40.5,61.0,2,0,1
CSE,7.68,1,3,0,67.2,56.8,0,1,1
CSE,8.2,0,1,0,68.0,50.6,1,0,1
CSE,8.08,1,0,0,100.0,59.5,1,1,1
Mechanical,8.43,2,3,1,58.9,51.3,1,0,1
Civil,7.4,1,3,1,42.5,96.5,1,0,0
Mechanical,7.67,0,2,0,40.8,56.4,1,0,0
Electrical,7.86,1,3,0,88.5,54.4,2,0,1
CSE,7.53,2,3,0,100.0,51.9,0,0,1
Civil,7.04,1,2,1,46.3,86.7,1,1,0
CSE,7.1,0,4,0,47.2,35.4,0,0,0
CSE,6.66,1,3,1,59.7,65.4,3,0,0
Civil,7.78,1,3,0,89.0,56.4,0,1,1
Chemical,7.32,0,2,0,67.4,38.6,2,1,0
Mechanical,6.8,0,0,2,52.2,47.7,1,0,0
CSE,6.8,3,1,0,100.0,64.8,0,0,1
Mechanical,6.31,0,3,0,,47.0,0,0,0
CSE,8.28,0,3,1,77.4,63.9,4,1,1
Electrical,7.47,0,1,0,59.7,85.9,2,1,1
Civil,6.62,1,2,3,44.5,62.6,2,0,0
CSE,8.13,1,1,2,68.9,38.2,0,0,1
CSE,6.9,0,1,1,45.2,47.3,3,0,0
CSE,6.13,1,4,0,56.2,55.7,0,1,1
Chemical,8.32,1,2,0,26.0,54.7,1,0,1
ECE,6.92,0,1,2,83.5,62.3,0,0,0
Electrical,7.03,3,2,0,40.9,64.7,1,0,0
Mechanical,7.44,0,2,3,92.1,86.0,2,1,0
Mechanical,8.43,0,3,1,46.9,59.9,2,1,0
CSE,7.42,3,4,0,100.0,42.7,0,0,1
Chemical,6.32,2,2,0,52.4,77.3,1,1,1
ECE,7.89,0,2,1,38.8,78.9,2,0,0
Mechanical,6.96,2,2,0,84.1,63.5,0,1,1
Civil,9.1,1,2,0,80.2,56.3,2,1,1
Mechanical,7.4,0,1,1,37.7,69.3,0,1,0
Chemical,5.39,2,0,0,47.0,56.8,0,0,0
CSE,7.72,2,3,0,65.7,29.2,1,0,1
Mechanical,9.15,0,2,1,54.8,68.5,1,1,1
ECE,8.82,1,2,1,70.9,73.4,1,1,1
ECE,9.05,1,0,0,56.7,81.6,0,0,1
CSE,6.48,0,3,3,45.3,49.0,3,1,0
CSE,8.22,3,1,2,67.5,63.4,1,0,1
CSE,6.75,1,2,0,89.7,63.7,2,0,1
ECE,7.6,1,3,0,68.2,61.3,0,1,1
ECE,6.25,1,2,1,63.1,61.7,0,0,0
Mechanical,6.82,1,4,0,48.2,60.6,0,0,1
Mechanical,6.79,0,1,1,43.0,63.2,1,0,0
ECE,8.21,3,3,0,100.0,71.1,1,1,1
ECE,8.12,1,4,0,54.5,78.3,0,0,1
CSE,7.65,1,2,0,90.0,48.7,0,0,1
Mechanical,6.18,1,3,0,62.8,57.4,0,0,0
ECE,7.12,0,2,2,71.4,53.7,1,0,0
CSE,6.73,0,3,0,64.8,51.5,4,0,1
ECE,8.18,1,4,2,68.7,35.8,1,0,0
ECE,8.46,0,3,0,69.9,60.4,1,0,0
CSE,8.35,1,4,1,73.6,67.2,2,1,1
Mechanical,6.72,2,2,2,67.0,57.7,0,0,0
Mechanical,5.0,0,2,0,65.2,59.9,0,0,0
Civil,5.81,0,1,0,89.1,66.3,0,1,0
Mechanical,8.68,1,3,1,67.0,81.2,1,0,0
Civil,7.04,0,3,1,21.6,53.7,2,0,0
ECE,6.72,3,2,0,93.9,42.4,3,1,1
Electrical,8.88,1,1,0,58.3,58.6,1,1,0
Mechanical,8.54,0,2,1,93.2,88.3,3,1,1
ECE,7.42,0,3,0,96.5,42.6,2,0,1
Mechanical,7.14,3,4,0,59.9,69.8,2,1,0
ECE,7.28,0,1,0,77.0,77.4,0,0,0
Mechanical,7.6,1,1,0,45.3,24.5,2,0,1
Civil,8.84,0,2,1,53.0,66.2,1,1,1
Electrical,7.78,0,1,0,72.2,69.1,3,0,0
Chemical,8.05,2,4,2,85.0,56.0,0,1,1
Mechanical,8.45,0,2,0,73.1,50.3,1,0,1
Mechanical,6.35,0,2,0,58.3,51.1,1,0,1
Electrical,8.08,1,1,0,100.0,55.1,2,1,1
ECE,7.13,2,2,0,64.4,55.5,1,0,0
Electrical,5.14,0,4,1,40.1,52.6,1,1,0
ECE,5.48,0,2,1,41.5,54.8,3,0,0
CSE,6.48,3,0,1,100.0,77.9,0,0,1
CSE,7.88,1,1,0,72.6,41.8,1,1,1
Electrical,7.5,2,4,0,75.9,33.8,2,0,1
CSE,7.57,2,4,0,75.2,78.1,2,1,1
CSE,9.16,1,1,1,65.9,57.1,2,0,1
ECE,6.26,1,2,0,54.8,54.2,3,0,0
CSE,7.38,0,0,0,77.5,58.3,0,0,0
ECE,7.67,2,2,0,69.2,63.1,1,1,1
Civil,6.74,2,1,0,61.8,52.1,0,0,1
CSE,7.43,3,3,1,90.1,67.6,1,0,0
Electrical,5.96,1,4,0,63.3,45.6,2,1,1
Electrical,8.67,0,1,3,33.7,55.5,1,0,0
ECE,6.79,1,2,0,41.2,26.8,0,1,1
CSE,9.23,1,1,0,100.0,77.6,1,0,1
Mechanical,7.37,1,1,0,82.6,57.4,1,0,1
CSE,8.33,2,0,1,97.1,70.1,1,0,1
ECE,7.35,1,1,0,53.9,67.1,1,0,1
Chemical,7.37,0,4,0,61.2,68.2,1,1,0
Chemical,6.87,1,0,1,36.3,59.9,2,0,0
Civil,7.51,1,3,0,34.4,,2,0,0
ECE,7.69,3,0,0,56.4,45.6,2,1,1
Civil,6.69,1,2,0,78.9,42.4,4,1,0
Civil,7.29,1,2,0,70.1,,0,0,0
ECE,6.85,1,4,2,57.5,49.8,2,0,1
Mechanical,9.47,1,1,1,50.3,81.4,0,0,0
CSE,7.32,0,1,1,85.5,65.6,0,1,0
CSE,8.79,2,3,2,71.7,49.3,0,1,1
Mechanical,7.22,3,3,1,67.4,55.9,1,1,1
CSE,7.63,1,3,0,87.2,62.0,2,0,0
CSE,6.21,1,0,0,78.0,59.0,1,0,0
Electrical,7.0,0,1,0,64.6,64.1,1,0,0
Chemical,7.59,1,3,2,48.2,61.0,0,0,0
Mechanical,8.83,1,2,2,49.1,39.1,2,0,1
Electrical,7.6,2,2,1,,27.7,1,0,0
Chemical,8.65,0,1,0,23.9,54.4,0,0,0
CSE,7.98,2,1,0,73.9,68.4,0,0,1
ECE,8.86,0,4,2,87.7,54.6,3,0,0
ECE,7.35,1,3,0,47.2,78.5,3,0,0
CSE,9.55,1,1,0,78.9,59.3,2,1,1
Civil,6.96,0,4,0,,80.4,1,1,0
ECE,6.71,1,2,0,35.9,77.3,2,0,1
ECE,6.31,2,1,1,63.1,75.8,1,1,0
CSE,9.5,1,2,3,100.0,41.9,2,0,1
CSE,8.14,0,3,1,87.9,60.3,0,0,1
Chemical,7.1,1,2,0,23.3,78.3,3,1,0
CSE,8.52,0,2,0,86.9,64.1,1,0,1
CSE,8.02,1,3,2,66.5,68.3,2,1,1
CSE,9.17,1,1,0,86.4,39.2,0,0,1
ECE,6.01,0,4,0,60.6,88.8,1,0,0
Mechanical,7.16,1,2,1,58.0,48.1,0,0,0
ECE,6.98,2,2,0,61.3,30.1,0,0,1
CSE,5.62,2,3,0,82.1,,1,0,1
CSE,8.35,0,2,2,64.8,23.3,3,0,0
Electrical,7.16,0,2,0,59.0,43.7,1,0,1
Mechanical,8.07,1,2,0,37.8,98.4,1,0,1
Mechanical,9.52,0,4,0,71.8,54.3,0,0,1
Civil,7.08,1,3,3,61.2,38.6,0,0,0
Civil,7.02,0,3,0,26.9,60.4,1,0,0
CSE,7.51,0,1,0,89.9,46.5,0,0,0
ECE,8.29,1,2,0,65.8,73.0,1,1,1
Mechanical,6.89,0,2,3,59.9,46.7,1,1,0
ECE,6.83,2,0,2,78.8,64.1,1,0,0
Electrical,8.35,0,3,0,71.9,42.8,0,0,1
ECE,7.74,1,1,0,87.0,99.0,2,1,0
Civil,5.56,1,1,1,46.7,67.6,1,1,0
Electrical,6.3,2,1,1,82.6,57.8,0,1,0
Mechanical,8.75,2,1,1,60.2,55.6,1,1,1
Chemical,7.76,1,1,3,63.1,51.7,2,1,1
Mechanical,6.71,1,2,0,66.3,48.6,2,0,1
Electrical,7.25,0,2,0,85.3,48.2,2,0,1
ECE,7.41,1,1,0,79.0,85.2,2,1,1
ECE,8.06,0,1,1,56.0,,3,0,1
Mechanical,6.18,1,3,0,50.5,28.1,0,1,1
CSE,6.64,0,0,0,68.1,42.5,1,1,1
ECE,7.65,2,2,1,57.3,73.9,2,0,1
Chemical,7.31,1,2,0,38.1,56.2,0,0,0
Mechanical,7.91,1,2,1,20.7,58.0,2,1,0
CSE,6.29,1,3,0,52.1,77.5,0,1,1
ECE,7.72,0,2,0,100.0,48.3,0,1,1
CSE,8.38,0,4,0,69.2,69.5,2,1,1
CSE,7.84,3,3,1,100.0,50.0,2,1,1
Chemical,7.53,2,1,1,63.3,68.6,0,0,1
ECE,7.31,0,1,0,63.1,54.1,0,0,0
ECE,6.65,2,1,0,41.0,56.4,0,0,1
Mechanical,7.34,1,2,0,59.1,72.3,3,0,0
CSE,8.53,0,2,1,100.0,71.2,3,1,1
CSE,7.29,1,1,3,100.0,57.5,0,0,0
Civil,6.6,0,1,1,54.9,52.9,2,1,1
Mechanical,6.96,0,2,0,36.3,84.0,1,0,1
Chemical,7.58,1,3,0,42.8,68.8,1,1,0
Mechanical,7.06,0,3,0,44.7,54.1,2,0,0
ECE,7.84,2,4,0,100.0,50.2,1,0,1
Civil,7.87,1,1,0,81.4,75.4,1,0,0
Chemical,8.2,2,2,0,62.5,61.7,2,0,1
Civil,8.68,1,4,0,55.5,57.5,2,0,1
Chemical,8.3,2,3,1,89.9,61.7,1,1,1
Electrical,6.56,1,2,0,47.4,65.1,2,0,1
Electrical,6.59,1,2,1,65.9,59.1,2,1,0
CSE,7.33,1,0,2,79.3,78.1,3,1,0
Civil,6.99,3,3,0,46.5,78.9,4,0,1
ECE,6.38,0,2,0,55.6,68.0,0,0,1
Mechanical,7.0,1,2,1,46.2,80.6,2,0,0
Civil,6.97,2,2,0,82.5,60.1,1,0,1
Chemical,6.8,1,2,0,91.5,70.4,0,0,1
Chemical,7.12,2,1,0,58.1,75.1,1,1,1
CSE,8.46,1,3,1,75.2,75.3,1,1,1
Civil,7.58,0,2,1,42.2,73.7,2,0,0
Civil,9.62,1,0,1,49.0,69.5,2,1,0
ECE,7.55,1,2,1,59.1,89.4,0,1,1
CSE,7.14,0,4,0,79.3,51.9,1,0,1
CSE,7.4,0,2,1,82.4,57.7,1,1,0
Civil,7.63,0,2,2,45.7,56.8,1,1,0
ECE,7.79,2,2,0,67.6,54.5,0,1,1
Chemical,9.27,2,3,3,58.7,30.2,0,1,1
ECE,6.64,1,3,2,66.3,80.6,1,0,0
Chemical,8.17,0,3,0,50.1,44.6,1,0,1
ECE,7.59,1,1,0,79.7,62.5,0,1,1
Electrical,5.99,2,4,0,,38.7,2,0,0
CSE,8.09,2,4,1,100.0,,0,0,1
Mechanical,8.54,0,2,0,59.4,48.2,0,0,1
Electrical,6.63,0,2,0,74.0,43.0,1,0,0
Chemical,7.39,3,1,0,71.1,62.9,1,0,0
Electrical,5.85,2,2,2,54.3,49.5,0,1,0
CSE,6.27,0,1,1,55.5,51.4,1,0,0
ECE,8.34,2,0,1,46.4,62.6,1,0,1
CSE,6.98,0,4,0,76.6,72.0,1,0,1
CSE,6.4,0,1,0,84.6,47.7,1,1,0
Civil,7.61,2,2,1,46.5,45.1,0,1,0
Civil,6.93,1,1,0,62.9,60.4,1,1,0
Civil,6.98,1,2,0,12.4,68.1,0,1,0
Electrical,8.07,3,2,3,62.1,81.9,0,0,0
Civil,6.35,2,1,0,75.0,43.9,1,1,1
Electrical,6.59,0,2,0,59.9,55.2,3,0,1
CSE,7.54,1,4,1,68.1,77.6,3,1,1
CSE,8.27,2,2,1,67.2,89.6,3,1,0
Mechanical,8.51,1,4,0,,45.1,4,0,1
Electrical,6.8,3,3,0,53.8,48.9,1,0,1
CSE,8.24,1,2,0,96.0,65.7,1,1,1
Mechanical,6.69,0,1,0,43.5,51.3,0,0,0
Civil,9.04,0,0,0,38.6,48.6,4,1,0
CSE,6.38,2,3,0,40.0,63.7,0,0,1
ECE,8.6,3,2,1,43.6,83.2,1,1,1
Electrical,6.81,0,2,0,84.4,40.4,1,1,0
Civil,9.21,0,3,0,67.1,82.5,0,0,1
CSE,7.93,2,1,0,52.6,51.4,2,0,1
Electrical,6.49,0,3,0,54.6,65.2,2,1,1
ECE,6.93,0,1,0,63.5,83.9,2,0,1
Electrical,8.1,2,4,0,51.5,64.9,1,0,0
CSE,8.35,2,1,3,39.9,55.5,0,1,0
Mechanical,7.34,2,1,3,55.1,70.8,1,0,0
ECE,7.44,1,3,1,82.3,57.4,1,1,1
CSE,8.08,0,1,0,82.7,67.8,2,0,1
Electrical,7.52,3,4,1,90.8,56.9,2,0,1
CSE,6.24,0,3,2,50.0,72.9,3,0,0
CSE,6.67,0,1,0,73.0,39.1,2,1,1
ECE,7.61,2,1,0,63.2,44.8,3,0,0
Civil,8.49,1,4,1,59.4,38.9,2,0,0
Electrical,8.85,2,2,3,,59.2,2,0,0
Chemical,8.1,0,3,0,46.1,37.1,1,1,1
CSE,7.66,3,1,0,23.7,49.6,1,1,0
ECE,8.07,1,4,0,95.9,43.4,1,0,1
CSE,6.8,1,2,0,82.9,82.2,2,0,1
Mechanical,7.26,3,3,1,39.3,45.1,2,0,0
Chemical,6.66,1,2,0,65.5,40.7,4,1,0
Civil,6.28,2,0,2,42.9,63.7,0,1,0
Mechanical,7.7,1,4,1,57.5,85.3,0,1,0
ECE,7.57,2,4,0,63.2,58.3,1,1,1
Chemical,8.02,2,2,1,68.7,59.4,1,0,1
ECE,7.89,1,4,1,60.6,79.4,0,1,0
CSE,7.62,0,1,0,52.3,73.2,1,1,1
ECE,7.9,0,1,0,84.4,66.4,0,0,0
CSE,7.36,3,0,1,71.8,51.3,3,1,0
CSE,7.77,3,2,0,78.3,66.8,1,0,1
CSE,6.75,3,0,0,87.5,39.6,1,1,1
ECE,7.73,0,2,0,55.0,50.6,1,1,1
Mechanical,8.0,1,1,0,47.6,81.5,4,1,0
ECE,6.8,2,3,1,79.5,79.5,0,0,0
ECE,7.45,2,3,0,46.3,,0,1,1
Chemical,6.84,0,3,0,62.0,31.1,2,0,1
Civil,6.93,1,1,0,38.4,41.9,1,0,0
Mechanical,6.39,0,3,1,75.4,49.8,1,1,0
CSE,8.54,1,1,0,83.8,57.4,0,0,1
Electrical,8.36,0,3,2,73.5,41.2,0,1,1
CSE,7.88,0,2,2,46.1,56.3,1,0,0
ECE,9.17,0,2,0,65.1,86.5,1,1,0
Chemical,7.23,3,0,1,33.8,66.0,1,1,1
Mechanical,10.0,2,3,0,63.3,63.3,1,0,1
Civil,7.2,3,4,1,23.3,44.7,0,1,0
Mechanical,7.63,1,3,0,34.3,35.4,3,0,1
Civil,7.04,1,4,0,82.4,41.6,0,1,1
CSE,7.74,1,4,0,89.6,34.8,0,1,0
CSE,8.15,1,1,0,67.6,61.1,0,1,1
ECE,7.3,1,3,1,55.6,65.8,1,1,0
CSE,9.0,2,1,1,56.5,45.5,0,1,1
Electrical,7.62,2,2,0,70.6,62.2,0,1,1
CSE,7.64,2,1,0,69.8,82.0,0,1,1
Mechanical,6.58,0,4,0,90.8,89.4,1,0,1
Electrical,7.78,1,3,0,64.7,71.6,1,0,1
Electrical,7.28,0,1,0,61.1,57.4,2,1,0
ECE,6.85,0,2,0,42.0,71.1,0,0,0
ECE,6.7,2,2,2,64.5,80.3,2,0,0
Chemical,9.8,1,3,0,63.2,29.9,0,1,1
Civil,7.16,2,4,1,56.3,82.2,0,0,1
Electrical,6.09,0,1,0,51.3,,0,0,0
Chemical,6.77,3,2,0,66.9,52.0,2,0,0
Electrical,7.35,3,2,0,96.3,54.7,0,0,1
CSE,7.89,1,2,0,79.6,,0,0,0
Mechanical,7.9,2,2,0,81.6,43.3,0,0,1
CSE,8.01,0,1,3,83.2,55.7,1,1,0
Civil,6.82,2,1,2,73.5,67.9,6,0,1
Chemical,7.71,2,2,1,48.0,63.3,0,1,1
Mechanical,6.61,2,4,0,63.3,65.7,0,1,0
ECE,6.84,2,1,0,64.4,55.1,2,0,0
CSE,6.57,1,1,0,83.8,70.4,3,1,1
Chemical,6.33,2,3,2,76.3,75.8,0,0,0
CSE,8.36,1,4,1,85.3,74.9,1,1,1
CSE,8.02,0,2,0,90.8,66.4,1,1,1
CSE,8.28,0,0,3,58.9,74.1,0,1,0
CSE,7.44,2,3,0,97.9,73.1,1,0,0
ECE,8.1,1,2,0,87.3,100.0,2,0,1
Mechanical,5.81,1,3,0,74.2,78.3,1,0,1
ECE,8.18,3,1,0,72.4,58.7,0,1,1
CSE,7.56,1,0,2,83.8,46.3,4,0,0
CSE,7.96,1,1,2,57.9,56.1,1,0,0
ECE,7.74,1,3,0,75.6,55.0,5,0,1
CSE,6.51,1,2,0,82.4,67.7,2,0,0
Civil,6.05,2,1,0,30.1,49.5,2,0,0
CSE,6.76,1,2,0,85.5,77.9,2,0,1
ECE,7.91,1,3,0,49.5,39.2,0,1,0
ECE,8.02,2,1,0,60.3,35.5,1,0,0
ECE,6.17,2,3,0,74.7,58.0,1,0,0
CSE,6.52,2,3,0,68.8,47.4,0,0,1
CSE,6.75,0,2,0,76.5,41.1,0,0,0
Electrical,7.08,2,4,2,74.2,50.4,4,1,1
CSE,6.17,1,3,0,65.2,48.6,0,0,1
Mechanical,6.12,0,1,0,64.2,60.2,0,0,0
ECE,6.66,1,0,0,49.2,50.7,1,0,0
ECE,7.48,2,1,1,100.0,51.9,3,0,0
ECE,6.34,1,1,0,64.0,59.9,3,1,1
Electrical,7.3,2,2,0,45.9,75.2,1,1,1
Electrical,8.35,0,4,1,51.3,82.1,3,0,1
CSE,6.23,0,3,1,98.7,62.2,2,0,0
ECE,7.21,1,1,0,58.6,63.4,0,0,1
CSE,8.32,1,2,0,,57.3,2,1,1
ECE,7.02,1,0,3,78.4,67.2,1,0,0
Civil,6.88,2,2,0,49.5,65.9,1,1,1
CSE,8.45,2,0,0,84.8,79.9,1,0,1
ECE,7.12,0,4,0,89.8,31.7,1,1,0
Chemical,8.39,1,3,0,64.9,56.5,1,0,0
CSE,7.79,0,1,0,100.0,65.1,2,0,1
ECE,7.09,1,3,1,41.0,,3,0,1
Civil,7.83,0,2,0,38.3,45.9,2,0,0
CSE,7.69,1,3,0,75.4,40.5,3,1,1
CSE,8.32,2,2,0,100.0,72.1,1,0,1
CSE,6.91,1,1,1,100.0,48.6,0,0,1
Chemical,7.44,0,2,0,78.2,33.7,2,1,1
CSE,7.34,0,0,0,54.7,72.8,1,0,0
CSE,8.03,1,2,1,64.8,66.9,5,0,1
CSE,6.48,1,1,0,,58.3,2,0,0
CSE,8.32,0,3,0,63.9,46.3,2,0,1
Mechanical,7.82,2,3,0,90.9,58.3,1,1,1
CSE,6.21,1,1,1,69.6,78.2,3,0,0
Mechanical,8.49,1,2,0,57.0,35.8,0,1,0
Mechanical,9.41,0,3,1,73.9,36.5,0,0,0
Electrical,8.3,1,1,1,32.1,50.6,0,0,1
CSE,8.68,0,2,0,75.9,59.6,0,1,1
Electrical,7.48,0,3,0,46.3,52.6,1,1,1
Mechanical,5.9,1,2,1,53.7,69.6,0,1,0
CSE,5.74,1,3,0,69.4,76.3,1,0,0
Civil,7.63,2,2,2,45.5,64.2,0,0,0
Electrical,6.87,3,2,1,73.1,68.4,3,1,0
CSE,6.58,0,1,0,76.0,64.1,1,1,1
Chemical,7.34,0,0,1,45.0,60.1,2,0,0
ECE,7.95,2,0,0,71.7,40.6,2,0,1
Mechanical,6.09,3,4,0,53.4,44.6,0,1,1
Chemical,7.0,2,3,0,74.3,39.7,2,0,1
ECE,8.76,0,3,0,66.3,57.8,0,1,0
Electrical,6.43,0,1,1,51.3,63.5,1,1,0
ECE,8.18,0,2,2,52.7,38.3,2,0,1
Electrical,6.96,2,3,0,65.7,61.1,1,0,0
Mechanical,7.89,1,3,0,95.7,46.9,1,0,0
CSE,8.39,1,1,1,72.9,44.0,0,1,1
ECE,8.07,1,3,1,51.4,50.6,2,1,1
ECE,8.22,0,1,0,80.5,43.2,0,0,1
CSE,6.36,1,1,0,65.5,69.1,2,0,0
CSE,8.4,0,4,1,86.1,57.5,2,0,0
ECE,6.63,1,2,0,58.1,72.2,3,1,0
CSE,7.63,2,2,0,100.0,53.3,3,0,1
CSE,7.63,1,2,0,66.4,53.9,1,1,1
Civil,7.84,0,4,0,84.2,88.1,1,0,1
Civil,7.7,2,1,0,35.1,35.7,1,0,1
Civil,6.64,2,3,0,54.7,79.3,2,0,0
ECE,6.19,0,1,1,89.2,84.8,3,1,0
Electrical,8.19,0,1,3,63.0,71.5,2,1,0
Mechanical,7.57,1,2,0,99.9,55.0,1,0,1
CSE,8.43,0,2,0,70.2,81.4,1,0,0
CSE,7.36,0,1,1,76.6,55.2,1,1,0
Civil,6.14,0,2,0,87.3,49.4,0,1,0
CSE,8.27,0,2,3,47.7,54.2,0,0,0
Mechanical,7.07,1,2,0,29.5,51.4,0,1,0
Chemical,7.71,1,3,0,45.7,45.8,2,1,0
CSE,6.82,0,3,0,92.6,76.7,1,0,1
CSE,8.88,2,2,0,50.0,48.4,2,0,1
Chemical,6.61,0,2,1,65.7,59.6,0,0,0
Mechanical,7.1,0,2,0,66.5,38.3,2,0,0
CSE,7.5,0,2,2,100.0,60.5,0,1,1
Electrical,6.42,2,1,1,82.8,42.7,4,0,1
Electrical,7.7,3,1,2,72.6,42.3,1,0,1
Mechanical,8.85,1,1,2,80.5,58.4,0,0,0
Mechanical,6.96,0,2,0,66.7,75.9,1,1,0
CSE,7.76,0,4,0,72.7,66.6,2,0,1
CSE,5.0,0,2,1,54.4,67.6,0,0,0
Mechanical,7.36,2,2,0,50.8,58.1,2,0,1
CSE,7.12,0,2,0,74.3,55.0,1,1,1
Civil,6.66,3,3,0,65.2,71.9,1,0,1
Electrical,8.37,1,2,0,26.6,51.6,1,0,0
CSE,7.11,1,2,2,73.0,72.5,0,1,0
Mechanical,7.24,2,3,0,64.5,78.5,0,0,0
CSE,7.06,0,0,1,78.9,47.4,0,1,0
Electrical,5.67,2,2,3,96.3,49.6,2,0,0
CSE,6.38,0,2,0,78.3,51.8,0,1,0
Mechanical,8.26,2,3,1,47.6,38.0,1,0,0
Mechanical,5.5,1,4,0,32.3,53.0,1,0,1
ECE,6.71,0,3,0,82.4,79.5,2,0,1
Civil,7.04,2,2,0,41.4,44.3,6,1,1
Civil,8.97,0,1,0,65.6,79.9,0,1,0
Mechanical,8.09,0,2,0,82.2,53.5,2,0,0
Civil,6.9,2,3,0,32.2,91.7,0,0,0
Chemical,8.57,1,4,0,73.0,49.8,0,0,1
ECE,6.73,2,3,0,97.3,57.8,1,0,1
Mechanical,8.31,1,1,1,74.3,46.3,0,0,0
CSE,6.18,1,3,0,42.3,49.7,0,1,1
Electrical,8.37,0,3,1,50.6,80.1,1,0,0
Mechanical,7.03,0,3,2,37.0,67.1,0,1,0
ECE,6.47,3,3,1,85.4,75.4,1,0,1
CSE,7.2,0,2,0,82.4,40.3,0,1,1
Electrical,7.65,1,2,1,16.4,69.8,1,0,0
ECE,6.95,0,1,1,58.6,45.4,0,0,0
Civil,7.9,0,0,2,61.4,39.9,2,1,1
CSE,6.88,1,3,3,82.7,63.6,0,0,0
Chemical,7.96,2,4,0,67.6,63.4,1,1,1
CSE,7.8,2,3,0,75.4,60.8,3,1,1
CSE,7.35,2,1,1,56.9,70.8,0,1,1
Electrical,7.0,0,0,0,56.7,73.1,3,1,0
Chemical,7.54,1,1,0,54.9,82.0,0,0,1
CSE,7.9,0,3,1,89.1,42.1,0,0,1
ECE,9.26,2,3,1,86.5,82.5,2,1,1
Civil,8.25,0,4,0,60.5,88.2,1,0,1
Electrical,8.28,1,1,0,81.7,54.5,2,0,1
ECE,10.0,0,2,0,60.3,35.0,3,0,1
Mechanical,7.86,2,3,0,38.0,39.2,0,1,1
Civil,7.84,2,1,2,62.6,53.1,0,0,0
Civil,8.03,2,4,2,65.3,90.2,0,0,0
Electrical,6.49,0,2,0,71.9,60.3,2,1,0
Mechanical,7.0,3,0,0,34.2,50.7,3,1,0
CSE,6.94,0,0,1,100.0,49.7,0,0,0
Chemical,7.98,0,3,1,70.8,40.2,4,0,0
Electrical,7.24,0,2,0,57.8,73.1,1,1,0
Electrical,7.52,0,3,0,49.2,58.6,1,0,1
CSE,8.38,1,3,0,99.4,91.5,0,1,0
CSE,8.18,0,2,1,55.2,69.4,0,1,0
Civil,7.25,1,3,0,98.7,72.4,2,0,1
CSE,6.8,1,4,0,72.0,56.4,1,0,0
Chemical,8.42,2,1,2,87.0,43.6,1,0,1
ECE,8.1,1,3,1,68.7,46.9,2,0,0
Civil,5.95,1,1,2,80.5,39.5,2,1,0
Electrical,7.12,0,1,0,46.8,73.7,1,0,0
ECE,7.55,2,2,0,71.3,54.2,2,1,1
ECE,8.1,0,3,2,84.5,74.3,1,1,1
Mechanical,8.22,0,0,3,62.9,62.0,1,0,0
Mechanical,7.66,0,2,3,76.8,55.6,1,0,0
ECE,7.93,1,3,1,,42.5,0,0,1
Mechanical,7.46,1,1,0,57.5,64.5,0,0,1
Chemical,6.79,1,3,0,82.5,56.7,1,1,0
ECE,7.16,0,4,0,60.3,73.5,0,0,0
CSE,7.42,1,0,2,81.3,49.3,1,0,1
ECE,7.37,1,1,0,62.1,69.2,2,0,0
ECE,5.7,0,4,1,76.7,84.6,0,0,0
CSE,7.04,1,1,2,75.5,64.1,0,1,1
CSE,7.45,1,0,3,56.8,71.8,2,1,0
Civil,7.15,1,4,2,56.3,68.6,1,1,1
ECE,7.18,0,3,0,72.6,88.5,1,1,0
Chemical,7.84,1,3,0,58.2,65.6,0,1,1
CSE,6.43,0,2,3,100.0,70.5,1,0,0
CSE,5.93,0,4,0,99.2,59.5,3,1,1
Civil,7.09,0,3,0,61.2,48.4,0,0,0
Electrical,8.09,1,3,3,54.3,41.9,1,0,0
CSE,8.92,0,3,1,63.2,79.0,0,1,0
CSE,8.1,1,3,0,100.0,44.9,1,1,1
CSE,6.08,0,2,0,56.8,71.2,2,1,0
Mechanical,7.19,2,2,0,63.0,66.2,1,0,0
ECE,7.63,0,2,2,73.5,73.8,2,1,1
CSE,7.56,1,2,0,71.4,52.3,1,0,1
CSE,7.89,2,2,0,61.0,48.1,0,0,1
ECE,6.57,1,2,0,54.9,65.7,1,1,1
Chemical,7.46,0,3,2,48.2,55.6,0,0,0
Civil,7.78,1,2,2,42.2,41.5,0,1,0
ECE,8.14,3,0,0,90.9,89.1,3,1,1
CSE,6.67,3,1,0,77.8,48.1,2,1,1
CSE,7.09,0,1,0,62.6,45.1,1,0,0
CSE,5.0,2,3,0,83.9,56.4,2,0,1
Civil,6.84,0,2,0,65.0,78.8,0,1,1
Electrical,6.93,0,1,0,53.8,27.5,2,1,0
Chemical,6.48,1,3,0,76.2,77.5,1,0,1
Chemical,7.55,1,0,0,28.1,46.3,2,0,0
Chemical,7.35,1,1,0,75.1,64.0,2,0,1
Chemical,5.37,2,3,0,61.8,49.9,2,1,0
CSE,7.59,0,2,0,74.1,89.9,0,0,1
CSE,6.56,1,3,1,67.5,61.9,0,1,1
ECE,7.84,1,3,0,49.9,49.4,2,0,1
Mechanical,6.25,0,4,0,33.0,55.5,0,0,0
CSE,7.43,1,0,3,57.3,61.3,1,1,0
Electrical,7.15,3,3,0,82.6,62.7,1,1,1
Mechanical,7.67,1,3,2,44.7,66.6,2,0,0
Mechanical,7.51,0,1,0,26.1,60.0,0,0,0
CSE,7.17,1,4,1,66.6,39.3,0,1,0
CSE,6.02,3,2,0,74.1,54.9,2,0,0
CSE,6.07,3,3,0,77.8,69.1,2,0,1
Electrical,6.87,1,2,1,62.7,50.0,2,1,1
Mechanical,7.39,1,2,1,77.6,70.1,1,0,0
Civil,6.85,1,1,0,74.5,60.5,0,1,0
CSE,7.96,2,4,1,100.0,56.7,0,0,1
ECE,7.15,2,2,0,41.8,77.9,0,1,0
ECE,6.53,2,0,2,49.6,33.9,2,1,0
Civil,7.15,1,0,1,61.6,49.9,0,1,0
Civil,7.6,0,3,0,47.8,,1,1,0
CSE,7.69,1,1,2,89.5,87.5,0,1,0
Chemical,9.09,0,2,3,58.7,94.3,0,0,0
CSE,6.8,0,3,1,100.0,60.8,2,0,0
Electrical,7.33,1,1,0,80.8,66.9,0,0,0
CSE,7.78,1,2,1,96.1,72.3,0,1,1
CSE,7.38,2,1,0,68.6,79.1,1,0,0
Electrical,6.95,2,4,0,71.2,64.7,3,0,1
CSE,6.01,2,3,2,76.5,73.9,2,0,0
ECE,6.94,2,1,0,40.9,66.9,1,1,0
ECE,6.43,2,2,2,97.5,67.8,1,0,1
CSE,5.85,0,2,1,88.4,46.2,1,0,0
Civil,6.68,1,4,0,54.8,55.1,2,1,1
Electrical,6.46,0,2,3,86.5,52.2,1,1,0
Electrical,7.93,0,2,0,51.7,42.2,1,1,0
ECE,7.94,0,4,0,39.9,35.2,1,0,1
Mechanical,6.59,2,1,0,76.1,53.6,1,1,0
CSE,7.17,2,2,0,56.0,56.0,2,0,1
CSE,5.73,3,1,1,74.5,61.6,1,0,0
CSE,6.96,3,2,0,84.7,68.3,0,0,1
Chemical,7.76,2,2,2,65.9,62.8,1,0,0
Electrical,8.14,0,4,3,84.3,56.1,2,1,1
Civil,6.76,2,2,1,67.5,46.3,0,0,0
Mechanical,8.35,2,1,0,67.9,73.2,1,1,1
ECE,6.04,2,3,1,59.8,58.5,2,1,1
Mechanical,6.28,0,3,0,65.3,53.5,2,0,0
Mechanical,8.04,0,3,1,32.9,57.2,2,0,1
ECE,8.9,3,3,0,100.0,49.0,3,1,0
CSE,7.84,0,1,2,46.8,52.0,1,0,1
CSE,7.36,1,2,0,70.8,51.6,0,0,0
Chemical,5.42,1,0,0,27.3,55.7,4,0,0
ECE,5.58,0,1,3,50.9,69.8,3,0,0
Chemical,7.52,0,4,0,61.2,66.1,2,0,0
CSE,7.08,3,3,2,74.5,83.2,1,1,1
Mechanical,6.4,2,1,2,78.6,78.2,0,0,1
CSE,7.46,3,1,0,82.1,89.3,3,0,1
CSE,7.5,0,4,0,72.7,68.4,0,1,1
CSE,8.25,0,1,0,69.6,68.1,4,1,1
CSE,7.52,1,1,1,96.0,52.7,1,1,0
Chemical,8.51,1,1,3,70.4,72.4,2,0,0
ECE,7.41,0,0,0,40.5,50.2,2,1,1
Mechanical,7.3,2,1,1,45.7,37.9,0,0,0
ECE,8.36,3,4,0,87.5,,3,0,1
ECE,6.52,1,1,0,72.4,41.3,1,1,0
Mechanical,9.93,1,2,1,40.1,66.6,1,0,1
CSE,7.74,1,3,2,93.5,46.8,1,1,1
Chemical,7.74,0,2,0,39.0,76.9,0,1,1
Electrical,7.87,0,3,0,89.5,78.9,1,0,0
Civil,9.09,1,3,0,67.5,67.9,0,0,1
ECE,8.11,1,2,0,48.6,78.7,0,0,1
CSE,5.96,1,2,0,67.5,60.1,3,0,0
Chemical,8.66,2,3,2,52.2,93.5,3,1,0
ECE,7.09,0,3,0,72.9,71.2,0,1,1
CSE,7.5,0,3,0,74.3,46.5,0,1,0
ECE,6.25,0,1,1,43.4,61.0,1,1,0
Electrical,7.87,0,3,0,40.9,57.7,1,0,1
Mechanical,6.81,1,3,0,71.9,56.2,3,0,1
Civil,7.49,2,1,2,59.2,35.1,2,0,0
Electrical,7.14,2,3,0,71.9,65.8,1,1,1
CSE,9.13,1,1,0,78.9,39.2,1,0,0
Chemical,9.18,1,1,0,42.9,22.1,1,0,0
ECE,7.44,0,3,0,73.3,54.8,1,0,1
Mechanical,7.46,1,1,0,100.0,48.7,1,0,1
CSE,7.06,0,2,0,96.1,47.1,3,1,0
Chemical,8.4,2,2,0,53.8,13.5,2,1,1
CSE,7.1,1,3,2,70.6,47.2,4,0,0
CSE,7.02,0,2,0,23.5,57.4,0,0,0
ECE,8.28,0,3,0,89.2,50.5,3,0,1
CSE,6.92,0,3,0,92.2,65.8,1,0,0
CSE,7.37,3,2,3,71.2,80.9,2,0,1
Mechanical,5.98,0,4,0,37.2,67.7,1,1,0
ECE,8.03,0,3,2,49.2,75.4,2,1,1
Chemical,9.15,0,2,0,63.0,76.6,2,1,1
ECE,8.05,2,4,3,75.4,44.7,1,1,1
Civil,8.72,1,2,0,67.4,66.6,3,0,0
ECE,6.64,1,0,0,64.6,74.9,0,1,1
Civil,7.61,1,1,0,69.4,53.5,0,1,1
Mechanical,6.55,0,2,0,63.7,48.1,2,0,0
ECE,7.2,2,1,1,82.9,68.0,2,0,0
Chemical,8.09,0,2,1,17.4,37.8,2,0,0
ECE,7.49,0,2,1,44.8,43.7,1,0,0
CSE,6.13,1,2,0,70.4,50.0,4,0,1
Civil,6.22,0,0,1,66.4,66.8,1,0,0
Electrical,6.16,0,3,0,99.8,63.3,1,1,1
CSE,7.84,2,2,3,76.0,75.5,1,1,1
ECE,9.26,1,1,1,55.0,46.2,2,1,1
Electrical,8.63,0,2,0,27.8,45.4,1,1,0
Civil,5.69,0,2,2,68.5,67.9,2,1,0
Chemical,8.68,2,2,0,49.1,48.0,1,0,1
Mechanical,8.24,0,2,0,100.0,50.9,0,0,0
Civil,6.01,0,0,0,33.7,32.1,1,1,0
ECE,7.13,1,3,1,100.0,64.4,4,1,0
Chemical,8.39,1,2,0,70.5,83.1,0,1,0
ECE,7.9,3,0,0,48.5,44.6,2,0,1
Civil,6.22,1,3,1,62.2,75.3,0,1,0
ECE,7.95,0,3,0,83.9,59.1,1,0,1
Mechanical,5.48,1,2,1,54.9,33.5,2,0,0
Civil,7.2,1,2,0,70.1,46.6,0,0,0
Mechanical,8.42,0,2,0,71.7,45.7,2,1,1
Chemical,7.42,1,2,2,67.7,55.3,1,0,0
ECE,6.95,0,0,0,60.7,66.3,0,0,1
Mechanical,8.2,2,1,1,36.9,87.7,1,1,1
ECE,8.28,2,4,0,75.6,38.5,4,0,1
ECE,8.58,1,3,2,75.2,52.7,0,1,0
ECE,8.19,3,2,0,39.2,46.6,1,0,1
CSE,8.37,3,1,1,81.0,41.0,1,1,1
CSE,8.06,0,3,0,76.3,61.4,1,0,1
Civil,7.64,1,1,0,28.7,60.0,0,1,1
Civil,7.48,1,1,0,46.0,32.8,2,1,0
Civil,7.19,0,1,0,44.4,60.3,2,0,0
CSE,6.31,1,3,0,100.0,41.9,1,1,0
ECE,6.54,0,2,0,71.0,60.2,1,1,0
CSE,7.15,3,0,0,93.6,79.0,0,0,1
Civil,7.62,1,1,1,49.9,66.9,1,1,0
Electrical,8.7,2,2,0,33.3,62.7,1,1,0
CSE,7.36,1,2,0,89.1,52.1,1,0,0
Civil,8.3,0,3,0,44.2,61.0,0,1,1
CSE,8.37,2,1,0,70.0,68.4,1,0,1
CSE,7.19,0,3,1,59.0,67.0,2,1,0
CSE,7.94,0,4,2,82.3,58.5,1,1,0
CSE,7.18,1,2,0,96.2,63.3,5,0,1
Civil,8.59,1,1,1,68.8,40.3,0,0,1
Chemical,7.97,0,3,0,86.6,49.0,0,1,1
CSE,6.33,0,1,3,100.0,70.6,1,1,0
Mechanical,7.55,0,0,0,14.2,,2,0,0
Civil,8.88,0,1,0,28.5,61.4,0,0,0
Chemical,7.24,0,4,0,28.5,82.2,0,1,0
Mechanical,7.8,1,2,0,70.4,67.6,2,0,0
CSE,7.89,0,3,1,65.5,56.5,0,1,0
Mechanical,6.47,0,2,0,48.2,41.7,1,1,0
ECE,7.86,1,2,0,65.1,81.6,1,1,0
Chemical,6.15,2,0,0,59.9,71.6,0,0,0
ECE,6.84,0,2,3,40.3,87.0,3,1,0
Civil,8.37,0,1,1,27.3,92.5,3,1,1
CSE,7.72,0,2,2,75.0,40.7,1,1,1
ECE,7.13,3,1,2,91.6,40.7,2,0,0
Electrical,7.8,0,2,2,62.5,17.1,0,1,0
Mechanical,7.35,0,2,0,42.8,73.8,0,1,0
ECE,7.41,1,0,0,24.3,69.8,0,1,0
Chemical,7.99,0,1,0,69.1,61.5,1,0,0
Electrical,6.75,0,4,0,55.8,41.6,0,0,0
ECE,7.44,0,0,1,40.3,58.7,1,0,0
Mechanical,7.12,1,1,0,25.1,62.8,2,0,0
ECE,5.97,1,1,0,40.1,71.7,2,1,1
Mechanical,6.57,1,2,1,41.7,64.1,2,1,0
ECE,8.81,2,3,0,69.7,70.0,2,1,1
CSE,7.75,0,1,0,50.2,58.1,1,0,1
Chemical,6.21,3,2,0,64.3,77.7,1,0,0
Chemical,6.01,2,2,1,54.6,69.5,0,0,0
Electrical,7.3,2,1,0,100.0,42.2,1,0,1
Chemical,8.81,2,4,0,34.3,80.8,1,1,0
Civil,7.23,1,4,0,63.9,78.4,4,0,1
Civil,8.58,0,1,1,53.1,67.0,1,0,0
Civil,7.72,1,1,0,33.4,64.2,0,1,1
ECE,7.82,0,1,0,65.7,84.9,1,0,1
ECE,6.2,1,1,2,79.9,35.5,1,0,0
CSE,8.24,0,2,2,76.7,78.6,1,0,0
Mechanical,7.1,0,2,0,81.9,52.9,0,0,0
CSE,8.18,3,2,0,41.8,76.4,0,1,1
CSE,6.67,1,1,0,58.8,61.8,1,0,0
Mechanical,7.56,1,1,1,82.6,41.4,0,1,0
ECE,7.72,0,4,0,89.4,52.6,0,0,0
CSE,7.26,1,4,2,92.7,75.3,2,0,1
Electrical,7.76,2,0,1,83.2,56.8,2,1,1
Electrical,7.16,1,3,0,33.5,50.7,0,0,1
CSE,6.82,1,2,0,91.3,50.6,2,0,1
CSE,8.84,1,3,2,99.2,69.6,4,0,1
ECE,8.34,0,2,1,55.1,86.3,1,0,0
Electrical,6.72,1,3,1,100.0,27.9,2,0,0
Electrical,7.91,3,0,0,66.5,100.0,2,1,1
CSE,6.73,1,1,1,34.5,63.1,1,0,0
Civil,6.33,1,4,1,67.9,68.7,0,0,0
CSE,8.33,1,1,3,61.0,53.5,1,0,0
ECE,5.87,1,1,0,87.0,59.9,3,0,1
Chemical,8.23,3,3,0,73.9,62.9,3,1,1
CSE,7.17,2,3,0,71.2,44.3,1,1,1
CSE,7.21,1,3,1,100.0,47.9,0,1,1
ECE,7.77,1,3,2,88.9,77.8,3,0,1
Mechanical,7.92,1,3,0,,36.7,1,0,1
Chemical,6.66,0,1,0,49.3,66.6,2,1,0
Chemical,8.05,1,2,0,66.3,54.4,1,0,1
CSE,7.5,2,3,0,75.4,45.6,2,0,1
CSE,6.27,1,3,2,74.0,89.6,1,0,0
Electrical,7.25,0,1,0,60.7,45.7,0,0,0
CSE,8.64,2,1,0,56.8,43.0,2,1,1
Electrical,8.91,2,3,2,29.8,57.2,0,1,1
Civil,8.05,0,1,0,54.3,48.5,5,1,1
CSE,6.33,1,0,0,35.2,60.1,0,0,0
Electrical,7.84,1,3,0,50.1,62.3,3,1,1
CSE,8.17,2,2,0,47.1,63.5,2,1,0
ECE,8.05,0,1,0,34.3,58.1,4,1,0
Mechanical,8.11,0,0,1,58.7,49.5,1,0,1
Mechanical,7.73,1,0,0,49.0,69.7,5,1,1
Civil,7.33,0,3,0,51.3,58.3,1,0,0
Civil,6.85,1,2,0,31.3,52.6,3,1,0
Chemical,5.69,2,1,0,44.2,82.2,1,1,0
Chemical,7.71,0,2,0,61.8,58.2,4,1,1
Mechanical,7.57,1,1,0,55.1,76.4,0,1,1
CSE,7.9,3,1,0,92.8,78.4,2,0,1
Civil,6.2,1,1,1,69.4,79.3,0,1,0
Chemical,7.98,1,2,0,52.5,70.4,1,0,1
ECE,9.25,1,1,1,32.7,60.0,1,1,0
ECE,7.47,0,1,0,50.4,59.0,1,0,0
ECE,7.34,0,2,0,65.2,56.3,0,0,0
CSE,7.68,1,2,0,63.0,27.5,0,1,1
Civil,9.23,1,1,0,33.0,70.8,0,1,1
ECE,6.48,0,0,0,62.3,63.7,2,0,0
Electrical,7.58,0,0,1,100.0,72.4,2,0,1
Electrical,6.68,2,2,0,58.2,58.2,0,0,1
Electrical,6.91,0,3,0,65.9,70.0,3,0,1
ECE,7.36,2,1,1,44.4,39.3,1,0,1
ECE,8.61,1,3,0,94.4,42.5,1,1,1
Civil,9.02,1,3,0,73.7,22.9,1,0,1
Electrical,7.8,0,0,0,71.5,58.0,0,0,1
ECE,7.06,0,0,0,85.5,48.4,1,1,0
Electrical,9.64,1,1,2,54.3,46.4,1,0,0
CSE,7.02,1,0,0,65.6,65.0,0,0,0
Electrical,6.89,0,2,0,93.8,53.6,1,0,0
CSE,5.8,1,0,1,82.4,38.5,2,0,0
CSE,8.66,1,3,0,40.1,98.2,1,0,1
Mechanical,8.27,0,2,0,65.2,59.4,3,1,0
CSE,9.58,1,3,0,69.5,43.8,2,0,1
CSE,6.15,0,3,0,94.2,50.0,0,1,1
CSE,8.71,1,2,0,84.3,57.4,0,1,1
ECE,7.46,0,4,0,41.7,57.4,0,1,1
Civil,8.13,1,4,0,65.8,79.5,0,1,1
CSE,5.92,0,2,1,78.8,58.8,2,1,0
Civil,8.72,1,1,1,58.5,87.8,4,1,1
Electrical,8.11,1,2,1,75.4,53.5,1,0,1
CSE,7.36,3,1,0,100.0,66.4,0,0,1
CSE,7.98,1,2,3,84.5,75.3,1,1,0
Electrical,6.71,2,2,0,67.4,77.9,0,1,1
Electrical,6.88,0,2,1,83.7,79.7,0,1,0
Mechanical,6.98,1,3,1,100.0,55.9,1,1,0
Electrical,5.73,0,1,0,76.5,59.9,3,1,0
CSE,8.18,1,2,0,80.7,22.8,1,1,1
ECE,8.47,1,1,1,73.8,57.1,0,1,1
Civil,6.77,2,3,1,64.6,76.4,3,0,1
CSE,7.71,1,2,0,77.3,73.5,1,0,1
Civil,7.16,1,0,1,88.0,58.7,3,0,1
Mechanical,7.7,0,3,0,46.5,85.5,0,0,1
Civil,6.84,0,1,0,70.8,54.2,1,0,0
ECE,6.6,2,3,0,71.7,49.3,0,0,1
ECE,8.35,0,2,1,40.4,53.0,2,1,1
CSE,7.34,0,2,0,71.6,43.2,1,0,0
CSE,9.22,3,3,0,74.2,69.3,2,1,1
Civil,7.44,3,3,0,72.4,64.3,0,0,1
CSE,6.57,1,3,0,81.6,69.1,4,1,1
CSE,8.5,1,2,0,58.6,53.8,0,0,1
CSE,7.97,2,3,0,100.0,59.1,2,1,1
CSE,8.05,0,2,1,94.6,27.3,0,1,1
Electrical,8.47,1,3,0,96.5,65.6,0,0,1
ECE,6.81,1,3,0,76.3,61.5,0,1,0
Chemical,7.29,3,1,0,57.4,43.5,0,1,1
CSE,7.25,3,1,0,90.7,58.4,1,1,1
Civil,6.24,1,1,0,41.6,56.1,1,0,0
ECE,7.16,0,1,0,66.3,86.5,1,1,1
ECE,8.6,1,2,0,65.8,44.1,0,0,0
Electrical,7.61,0,1,0,33.7,65.0,0,0,0
Chemical,6.19,2,2,0,61.3,43.6,1,0,0
Electrical,6.0,0,1,2,52.1,51.6,0,0,0
CSE,8.9,0,1,0,67.6,64.2,2,0,0
CSE,7.32,2,3,0,88.5,56.8,0,1,1
Civil,6.82,1,2,0,77.9,59.9,0,1,0
CSE,7.15,2,2,0,63.7,65.0,2,1,1
Civil,6.07,0,3,0,49.9,52.6,3,0,0
Mechanical,8.68,2,4,1,53.2,73.3,2,1,1
Mechanical,7.05,0,2,0,42.1,55.4,4,0,0
Electrical,8.63,0,0,0,46.3,58.5,1,0,1
Civil,7.45,1,1,0,48.5,65.4,2,0,0
CSE,8.69,0,4,0,91.5,63.4,3,1,1
CSE,7.63,1,3,3,85.8,69.7,1,1,1
Mechanical,8.17,0,3,0,41.0,64.8,1,0,1
ECE,8.05,0,3,0,93.3,67.0,1,0,1
CSE,7.96,2,1,0,,55.1,0,0,1
ECE,7.71,0,2,0,50.8,44.0,0,0,0
Civil,7.19,1,3,0,80.0,38.6,3,1,0
Electrical,9.12,2,3,0,75.9,34.9,1,0,0
Mechanical,6.58,0,1,0,51.2,86.4,0,1,0
ECE,7.4,2,2,0,77.4,26.8,2,1,1
CSE,7.41,0,1,0,71.5,77.9,3,0,1
Mechanical,7.76,1,4,0,74.8,47.7,2,1,1
ECE,7.01,0,1,0,67.4,77.8,1,1,0
Mechanical,7.68,2,3,2,57.9,27.0,4,0,0
Civil,7.25,1,1,0,15.5,56.5,0,1,1
CSE,5.98,1,2,3,86.5,81.8,0,0,0
CSE,7.41,3,3,2,77.3,70.7,3,1,1
CSE,6.41,0,1,0,86.0,,3,1,0
Electrical,5.84,2,3,0,78.7,30.9,0,1,1
Mechanical,7.52,2,3,1,57.7,40.2,3,1,1
CSE,7.84,3,3,0,100.0,80.8,0,1,1
Electrical,7.87,3,1,0,69.7,54.8,1,0,1
ECE,7.91,3,3,0,78.9,58.9,0,1,0
ECE,5.66,0,2,0,64.5,64.3,2,1,1
Chemical,6.18,2,2,2,89.3,40.5,1,1,0
CSE,9.18,2,2,1,66.2,66.1,1,1,0
CSE,6.46,1,2,2,71.2,53.7,5,0,0
Mechanical,7.95,0,1,1,31.7,64.4,2,0,0
CSE,6.78,3,2,0,94.1,51.3,0,1,0
Civil,7.47,0,1,0,39.5,36.4,2,1,0
CSE,6.83,1,1,3,65.5,53.6,1,1,0
CSE,7.91,1,1,3,64.7,69.6,2,0,0
CSE,7.52,0,1,1,73.1,65.9,5,0,0
ECE,7.0,2,3,1,51.5,60.5,1,0,1
CSE,6.45,0,2,0,34.6,73.5,1,0,0
CSE,7.64,1,0,0,79.2,56.9,2,1,1
Electrical,6.31,2,3,2,32.0,60.8,1,1,0
ECE,7.78,0,4,0,88.4,52.8,2,0,1
ECE,9.76,2,3,0,100.0,74.3,1,0,0
CSE,8.62,0,3,0,75.0,64.4,1,1,0
ECE,8.05,2,4,0,100.0,51.6,3,1,1
CSE,7.32,3,2,0,80.6,37.7,0,0,1
Mechanical,5.66,0,4,0,91.8,76.6,1,0,0
CSE,6.21,1,4,0,74.8,48.8,0,0,1
Electrical,8.55,1,1,0,19.4,61.1,3,0,0
Chemical,6.69,1,3,0,58.6,95.3,2,1,0
CSE,6.77,2,3,0,100.0,72.0,0,0,0
CSE,7.25,1,3,1,89.6,84.2,0,0,0
CSE,6.44,1,3,0,70.7,51.9,1,0,1
Mechanical,6.3,0,2,0,62.9,76.1,1,0,0
CSE,7.35,1,2,0,94.5,60.4,0,1,1
Electrical,6.6,2,2,0,65.5,,4,1,1
Civil,6.73,0,3,2,100.0,90.3,1,0,0
Electrical,6.7,1,3,0,58.7,55.8,3,0,0
Mechanical,7.87,0,3,0,78.0,60.3,2,1,1
Chemical,7.19,2,3,1,75.7,46.5,0,1,0
CSE,7.24,1,4,0,70.4,73.3,1,0,1
ECE,7.94,1,1,1,58.4,51.6,1,0,1
ECE,7.27,0,4,3,91.3,75.3,1,1,0
Chemical,7.15,1,0,0,53.6,35.3,1,0,0
Mechanical,7.82,3,2,3,69.1,68.2,0,1,0
Electrical,8.0,1,0,0,29.6,50.3,2,1,1
CSE,7.27,1,2,0,88.8,71.0,0,0,1
Chemical,7.47,2,2,0,64.2,59.8,1,0,1
ECE,6.7,1,0,0,61.8,52.0,3,1,1
ECE,6.63,1,2,0,75.5,54.2,1,0,1
Chemical,8.09,0,3,0,50.6,47.2,1,0,1
ECE,7.8,0,1,0,53.3,72.6,1,0,0
ECE,7.81,2,3,0,69.6,44.3,2,1,1
Mechanical,7.65,2,1,0,49.6,56.0,5,1,1
CSE,7.44,3,1,0,100.0,65.2,2,1,1
ECE,8.03,2,1,0,84.4,84.2,2,0,1
CSE,8.24,1,2,0,59.6,59.9,2,1,1
CSE,8.22,0,3,1,100.0,56.4,0,1,1
Electrical,7.31,1,2,0,57.2,64.1,1,0,0
Mechanical,8.65,3,3,1,66.5,28.9,0,1,1
ECE,7.61,2,2,0,87.2,42.0,1,1,1
ECE,7.97,1,3,0,36.5,54.4,1,0,0
ECE,7.65,1,4,3,70.7,49.3,0,1,0
Mechanical,7.62,2,2,0,50.7,36.0,1,0,1
Chemical,6.74,3,1,0,61.7,72.9,0,0,1
Chemical,8.03,2,1,0,62.7,63.9,1,0,1
ECE,9.96,1,2,0,67.6,62.1,0,0,1
ECE,7.06,0,2,0,64.8,49.6,1,0,1
ECE,7.46,1,1,0,85.2,61.2,2,0,1
Mechanical,7.0,0,3,0,65.4,67.7,2,1,0
ECE,6.96,3,4,2,79.7,56.0,2,1,0
Civil,8.79,1,1,0,54.7,66.7,1,0,1
Mechanical,6.79,1,1,0,89.0,48.1,2,1,1
ECE,6.97,0,1,1,67.1,61.5,1,1,0
ECE,5.97,1,2,0,59.7,77.1,0,0,1
ECE,6.72,1,3,2,37.6,78.5,3,1,0
CSE,5.86,0,2,0,49.2,79.9,0,0,0
CSE,7.97,2,0,0,64.6,64.3,1,0,1
Civil,9.92,1,2,2,53.0,60.5,3,0,1
ECE,7.07,1,0,0,53.0,53.3,1,0,0
CSE,5.9,0,2,1,81.3,32.9,2,0,0
Mechanical,8.21,1,2,0,48.8,39.8,0,0,0
Civil,6.75,2,2,1,40.5,57.5,0,1,0
CSE,8.57,2,2,0,90.0,58.4,3,1,1
Electrical,7.15,0,3,0,90.6,81.2,1,1,1
Chemical,6.83,3,0,0,35.1,79.7,1,1,1
Mechanical,7.24,2,3,3,68.4,49.7,1,1,1
Civil,8.08,0,0,0,12.7,72.3,0,1,0
CSE,7.2,0,1,0,45.5,52.8,0,0,1
Chemical,6.95,0,3,2,47.4,70.2,3,0,0
ECE,7.22,2,3,0,94.4,72.1,2,0,0
Chemical,6.26,0,1,0,38.0,78.6,3,0,0
Mechanical,7.76,1,2,0,44.3,52.6,0,1,0
CSE,5.79,2,3,0,82.6,75.2,2,0,1
CSE,7.0,2,4,0,85.7,31.9,1,0,0
Civil,8.08,1,2,0,40.9,79.4,1,0,1
Mechanical,7.67,2,0,0,90.8,59.6,0,1,1
CSE,7.93,0,2,0,70.2,59.9,1,0,1
Civil,7.34,2,1,0,56.0,29.4,1,0,0
Electrical,8.45,0,0,0,49.8,54.2,0,0,0
ECE,8.23,0,2,1,,80.3,4,0,1
ECE,7.8,3,3,0,98.2,53.6,1,1,1
CSE,8.23,0,0,0,,70.7,0,0,0
Electrical,8.08,0,3,0,52.3,60.5,1,0,1
ECE,7.0,1,3,0,91.8,75.9,3,1,1
Electrical,6.19,0,3,1,75.9,62.9,1,0,0
ECE,7.78,0,1,0,81.5,46.0,2,1,0
Mechanical,7.89,1,2,2,57.3,60.8,1,1,1
CSE,8.38,2,1,1,72.6,84.0,2,0,1
CSE,6.56,2,1,1,92.8,67.5,3,0,1
Civil,6.58,0,1,1,67.2,58.3,0,0,0
ECE,7.81,1,1,0,94.2,93.8,3,0,1
Mechanical,7.34,2,1,3,61.6,77.4,2,0,0
Chemical,5.7,0,1,1,50.1,72.3,4,1,0
Chemical,7.74,0,4,0,16.7,64.8,2,0,1
Electrical,5.73,0,3,0,37.0,,3,0,0
CSE,6.55,1,1,0,66.9,71.4,2,1,0
Mechanical,8.62,0,4,0,43.2,27.3,0,0,1
Electrical,9.04,2,1,0,78.7,65.9,3,1,1
ECE,6.31,3,2,1,49.4,57.6,0,0,0
CSE,7.1,0,3,0,69.0,52.5,1,1,0
Electrical,7.44,1,2,0,56.7,57.1,0,1,0
ECE,9.0,0,1,0,85.7,36.7,2,0,0
Mechanical,6.96,0,2,0,46.1,32.9,2,1,0
Chemical,6.97,2,2,0,67.1,78.7,1,0,0
Mechanical,8.79,1,2,1,62.5,66.9,2,0,1
ECE,7.06,3,2,0,89.3,23.8,2,0,1
ECE,8.05,1,2,2,84.3,51.4,1,0,1
ECE,6.07,0,1,1,63.4,73.2,2,1,0
CSE,7.25,1,2,1,46.5,55.8,0,0,0
Electrical,5.91,0,1,0,55.8,78.7,0,0,1
Electrical,6.45,2,3,1,69.6,75.7,1,1,0
CSE,8.16,1,3,2,85.1,39.6,0,0,1
ECE,7.36,0,2,1,53.7,57.9,2,1,1
Electrical,7.11,1,3,0,88.5,53.3,1,0,0
CSE,6.73,1,0,1,71.2,39.2,2,1,0
Mechanical,7.2,2,1,0,41.4,38.2,2,0,0
ECE,7.67,0,2,0,58.8,47.9,0,1,1
Civil,8.28,0,2,1,87.7,50.4,0,1,1
CSE,5.04,0,3,1,90.0,64.2,1,1,1
Civil,6.65,1,4,0,,75.7,1,1,1
ECE,7.54,1,2,0,50.3,67.7,2,1,1
Mechanical,7.31,0,2,2,44.6,71.3,0,0,0
CSE,7.76,1,2,0,64.7,56.0,1,0,1
ECE,7.64,1,1,0,69.3,69.0,0,1,0
Mechanical,7.13,0,1,1,50.9,,4,1,0
CSE,6.93,3,4,1,78.2,53.4,1,1,1
CSE,7.18,1,3,0,73.4,88.5,4,1,1
CSE,8.43,1,4,0,68.7,25.0,2,0,1
ECE,6.74,1,1,0,62.8,31.9,2,0,1
CSE,7.34,0,0,0,89.0,65.7,3,0,0
Chemical,7.57,2,2,1,31.8,56.0,0,1,0
ECE,8.8,1,4,1,81.2,38.4,1,0,1
Electrical,7.13,1,1,0,86.8,44.2,0,0,0
Chemical,8.26,3,1,0,54.7,46.1,1,1,1
CSE,8.51,2,0,0,63.5,73.4,0,0,1
Civil,7.34,2,3,0,76.6,78.2,3,0,0
Electrical,7.21,0,3,0,48.3,84.6,3,0,0
Mechanical,7.1,0,3,0,59.6,36.2,0,0,0
ECE,7.17,1,0,1,44.3,39.5,2,0,0
ECE,8.17,1,3,0,38.3,38.5,1,1,1
CSE,7.61,1,2,1,74.3,79.3,5,1,1
Mechanical,7.61,2,1,0,35.3,66.3,0,1,0
Chemical,6.39,0,1,1,51.8,61.2,2,1,1
Chemical,6.53,0,2,3,75.1,63.4,0,0,0
CSE,9.33,1,1,0,100.0,59.1,2,0,1
Civil,7.24,0,4,0,60.7,43.2,2,0,0
ECE,6.7,1,2,1,87.3,67.7,0,1,0
Chemical,8.69,2,2,0,66.2,57.2,1,0,0
CSE,7.65,1,3,0,73.1,42.0,3,1,1
Chemical,7.92,2,3,0,27.4,68.6,2,1,1
Electrical,7.28,1,0,2,88.3,53.6,0,1,0
CSE,7.11,2,2,0,60.1,63.4,1,0,1
CSE,7.25,0,1,0,96.9,58.1,2,1,1
Electrical,6.16,2,2,0,76.7,73.4,0,0,1
CSE,7.32,2,3,1,64.4,63.3,0,0,0
Mechanical,7.67,0,2,0,62.6,46.7,2,1,1
Chemical,9.07,1,2,2,95.4,64.8,2,0,1
Mechanical,7.48,2,1,1,85.6,65.3,0,1,1
ECE,5.3,0,2,0,57.8,67.7,0,1,0
ECE,7.32,2,1,0,55.2,75.5,0,1,0
CSE,9.87,3,4,1,88.8,50.8,0,0,1
Chemical,8.18,2,2,1,56.0,70.0,1,0,0
ECE,6.67,1,3,0,93.6,34.1,0,0,0
CSE,7.93,1,2,0,90.3,58.2,0,1,1
CSE,6.73,3,3,0,53.5,55.9,0,0,1
Chemical,6.18,1,0,0,59.3,81.7,0,1,0
CSE,7.09,0,1,0,,57.7,0,1,0
Electrical,7.48,0,0,0,57.7,69.1,0,0,0
Civil,5.72,2,0,0,55.5,33.6,0,1,0
Electrical,6.37,1,4,2,92.6,54.7,2,0,0
Chemical,7.41,0,3,1,75.6,47.3,1,0,1
Electrical,7.03,0,2,1,49.5,,1,0,0
Chemical,7.76,2,2,0,57.9,50.0,3,1,0
CSE,6.31,1,2,0,68.9,61.1,1,1,1
Electrical,8.04,2,2,0,36.7,61.9,1,0,0
Mechanical,6.33,2,3,1,62.0,36.2,1,0,0
Mechanical,8.88,3,2,0,96.2,52.1,1,0,1
Electrical,5.86,2,3,0,39.2,66.1,1,0,1
Chemical,6.42,0,1,3,51.6,61.3,1,0,0
Civil,7.78,1,4,2,60.0,25.5,0,1,0
ECE,8.9,0,0,0,66.2,51.5,2,1,1
ECE,7.68,3,2,1,55.7,75.3,2,0,1
ECE,7.91,0,3,0,44.3,68.8,0,1,1
ECE,7.42,1,1,0,41.2,78.3,1,1,1
ECE,6.48,2,1,0,92.0,45.2,0,1,1
CSE,6.96,0,2,0,57.3,79.2,1,1,0
CSE,6.31,2,2,1,70.0,59.3,0,0,1
Civil,6.25,0,4,0,96.9,83.9,2,0,1
ECE,7.76,1,3,0,58.8,60.0,1,0,1
Chemical,6.39,1,2,3,63.2,29.3,2,1,0
Mechanical,7.69,1,4,0,84.1,72.7,1,0,1
CSE,6.23,1,2,0,95.3,53.3,1,0,0
CSE,7.67,3,3,0,60.0,54.4,0,0,1
CSE,6.96,0,1,0,59.2,38.2,1,0,0
Chemical,8.67,1,2,0,62.4,84.3,0,0,1
CSE,7.69,2,0,0,100.0,52.2,1,0,1
Mechanical,8.51,2,0,2,41.3,83.6,2,1,0
Chemical,6.72,0,3,0,49.1,53.5,1,1,1
Chemical,7.45,3,1,0,65.6,46.1,0,0,1
CSE,6.52,0,2,0,86.2,79.8,4,1,0
CSE,7.03,1,3,2,92.2,58.9,1,1,1
CSE,7.16,1,0,0,55.8,59.0,2,0,0
CSE,6.75,2,2,0,69.4,40.8,5,1,1
CSE,6.31,0,3,3,81.9,53.1,2,0,0
Mechanical,6.13,0,3,0,82.7,66.4,0,0,0
Chemical,5.29,2,1,0,51.7,40.5,3,1,1
Mechanical,6.45,0,4,0,62.6,51.9,0,0,0
Mechanical,7.96,1,3,0,43.5,53.7,1,0,0
CSE,5.96,2,3,3,100.0,61.0,1,0,0
Electrical,6.17,1,2,0,67.8,82.2,2,0,1
Mechanical,9.01,0,3,0,79.4,55.5,1,0,0
Electrical,6.83,0,3,0,66.5,49.6,2,1,0
Chemical,7.69,3,1,0,59.5,100.0,1,0,1
ECE,7.98,1,4,0,48.0,53.5,0,0,1
CSE,8.0,0,4,2,42.3,57.1,2,1,1
CSE,6.03,0,2,0,97.5,54.6,2,0,0
ECE,7.19,0,3,2,71.4,55.8,0,1,0
Chemical,5.94,3,2,1,64.7,61.2,1,0,1
ECE,9.6,0,3,0,47.5,73.8,4,0,1
Civil,5.96,0,3,1,39.7,66.1,1,0,0
Mechanical,6.46,1,0,1,72.1,76.2,1,0,0
CSE,6.46,0,0,0,100.0,75.7,1,1,0
ECE,6.05,0,1,0,52.8,63.1,0,1,0
Civil,8.62,3,4,0,77.1,65.6,1,0,1
Civil,9.58,2,2,0,60.4,76.6,2,0,1
ECE,6.97,0,3,1,67.8,43.3,3,1,0
CSE,6.21,1,2,0,100.0,97.5,1,0,1
Civil,5.39,0,1,0,41.8,52.3,3,0,0
CSE,7.18,0,4,0,100.0,54.7,0,1,1
Chemical,7.12,1,2,0,63.9,41.8,3,0,0
CSE,6.81,1,2,1,76.7,42.3,2,1,1
CSE,7.6,2,0,1,97.7,74.6,1,0,1
ECE,7.76,2,1,1,73.2,94.1,2,1,1
Mechanical,7.69,0,1,0,52.3,51.5,0,0,1
Mechanical,7.12,3,2,0,87.8,65.2,2,0,1
ECE,6.41,1,2,1,91.5,63.3,2,0,0
Chemical,8.0,0,1,0,73.6,75.0,3,1,1
ECE,7.41,2,0,1,0.0,93.3,2,0,1
ECE,8.2,0,1,0,71.9,82.8,2,0,0
ECE,8.11,1,2,0,72.8,56.4,2,1,1
CSE,6.12,2,4,0,84.4,67.9,1,0,1
Mechanical,6.11,0,2,1,68.0,69.4,2,0,0
CSE,6.72,2,0,0,,59.7,2,0,1
Mechanical,6.45,0,2,2,69.2,43.6,1,1,0
CSE,8.08,2,4,0,80.2,48.0,0,0,1
Chemical,7.72,0,3,0,85.0,77.2,1,0,0
ECE,8.39,0,3,1,84.0,78.8,2,1,1
Electrical,7.76,1,4,0,80.8,56.9,2,1,1
ECE,7.59,2,2,0,79.9,63.9,1,0,1
CSE,8.48,0,4,3,100.0,78.0,2,1,0
Electrical,7.82,2,0,1,79.4,34.4,1,0,0
Mechanical,7.46,0,3,0,,53.3,1,0,1
Electrical,8.73,1,3,1,85.8,90.3,0,0,1
ECE,7.5,1,4,0,78.1,64.5,0,1,1
Mechanical,7.13,0,2,0,91.5,43.1,2,1,0
Electrical,6.65,3,3,0,91.8,61.8,2,0,1
Mechanical,8.03,1,1,0,44.7,75.3,0,0,1
ECE,8.51,1,2,0,100.0,21.8,1,0,0
Civil,7.35,1,2,0,17.2,62.6,2,1,1
Civil,8.58,1,2,1,66.5,54.4,1,1,1
Chemical,5.63,1,3,0,47.5,35.4,2,1,0
ECE,7.35,2,1,0,100.0,61.2,1,1,1
ECE,7.36,1,1,1,70.6,58.0,4,1,0
Electrical,6.75,1,1,3,47.7,59.6,2,1,0
Mechanical,9.55,1,3,0,57.2,54.8,3,1,1
Civil,7.34,1,3,2,45.1,44.7,0,0,0
ECE,7.03,1,3,1,66.5,38.2,1,1,1
CSE,7.42,1,1,0,68.1,49.6,0,0,0
Civil,5.6,1,3,0,44.5,72.9,1,0,0
CSE,6.72,2,3,0,86.9,63.5,2,0,0
CSE,8.28,3,0,1,82.0,59.0,0,0,1
Mechanical,6.83,3,1,0,42.1,44.4,0,1,1
Civil,6.65,2,2,0,27.2,54.4,1,0,0
Electrical,8.58,1,2,1,70.6,71.1,2,0,1
CSE,8.61,2,1,0,85.6,67.6,1,1,1
CSE,7.87,0,1,0,85.1,52.8,0,1,1
Chemical,6.99,1,0,2,60.9,20.8,1,0,0
CSE,7.18,0,0,3,97.3,49.9,0,0,0
CSE,6.68,0,1,1,89.9,52.8,1,0,0
CSE,6.5,3,3,0,100.0,46.4,4,1,1
Mechanical,6.46,2,2,0,100.0,53.8,0,0,1
Electrical,6.84,1,2,0,33.4,72.2,2,1,0
Civil,6.47,0,3,0,16.5,59.4,2,0,0
Civil,5.99,1,2,0,54.9,74.8,0,1,1
CSE,7.6,1,1,2,83.1,37.4,1,0,0
ECE,7.61,2,1,1,66.6,55.4,4,0,1
ECE,8.93,3,1,0,82.7,30.9,1,0,1
CSE,6.8,0,2,0,70.1,53.6,0,0,0
CSE,7.67,0,2,0,62.5,44.3,1,1,1
ECE,7.68,0,2,0,57.2,79.2,0,1,1
CSE,7.17,0,2,1,71.4,66.1,3,0,0
Mechanical,8.07,1,4,0,80.2,75.2,1,1,1
Civil,8.1,0,1,1,,53.6,0,0,0
CSE,7.69,0,2,0,69.8,44.7,2,1,1
ECE,7.17,0,2,0,77.3,44.2,0,0,0
Electrical,7.08,0,3,3,62.4,64.0,1,0,0
Civil,6.17,2,3,0,80.1,87.2,0,0,1
Electrical,6.67,0,3,0,49.4,66.2,0,0,0
ECE,6.84,2,1,0,47.5,54.4,1,1,0
Electrical,6.39,0,2,0,68.5,57.2,3,0,1
CSE,7.8,0,3,0,85.3,59.5,1,0,0
ECE,8.48,0,2,0,51.4,90.4,1,1,1
CSE,6.58,2,4,0,100.0,78.5,1,0,1
ECE,7.66,0,2,0,100.0,63.9,1,0,1
ECE,6.47,1,2,0,57.7,61.6,2,1,1
CSE,7.13,0,2,1,100.0,64.5,1,0,1
Civil,6.78,3,2,2,16.1,67.4,1,1,0
ECE,7.94,0,3,0,89.4,53.8,2,1,1
CSE,6.79,1,1,0,58.6,47.3,3,0,1
CSE,8.31,2,2,0,96.6,75.5,1,0,1
ECE,7.18,0,2,0,49.7,60.3,1,0,1
ECE,6.82,0,3,0,68.8,74.2,3,0,0
ECE,6.27,2,2,1,56.4,84.7,0,1,1
CSE,7.63,0,4,0,77.2,67.8,3,1,1
Civil,8.21,0,3,0,88.9,65.4,0,0,1
Chemical,7.65,1,1,1,52.1,100.0,2,1,0
ECE,9.41,0,3,1,,63.1,1,0,1
Mechanical,8.69,3,4,0,62.1,43.6,0,1,0
Electrical,7.12,1,1,0,88.9,55.8,0,0,0
Chemical,7.11,1,2,3,27.7,83.3,2,1,0
Mechanical,7.82,0,1,0,48.8,40.6,2,0,1
Electrical,6.65,1,2,1,55.4,48.7,0,0,0
Chemical,8.45,1,0,1,78.7,76.6,0,0,0
Electrical,7.73,0,3,0,69.3,55.9,0,1,1
ECE,7.63,2,2,0,33.4,58.3,2,1,1
CSE,8.02,1,2,0,53.4,76.1,1,1,0
CSE,8.95,2,0,0,54.8,49.2,0,0,1
ECE,7.55,0,3,0,86.8,38.0,1,1,1
ECE,7.3,0,2,1,81.5,39.2,0,0,1
ECE,8.76,2,2,1,65.6,68.7,1,1,1
Mechanical,8.27,2,1,2,48.1,63.9,1,0,0
Mechanical,7.11,1,1,3,68.9,49.6,1,1,0
Electrical,7.4,0,2,1,42.7,42.6,2,1,0
CSE,7.58,2,4,0,93.2,55.9,1,0,1
CSE,7.73,0,1,0,78.7,76.7,1,1,1
Electrical,6.18,0,3,0,61.1,47.5,3,0,0
Electrical,6.01,1,0,0,66.2,50.1,1,0,1
Chemical,6.6,0,3,0,59.8,42.1,2,0,0
Electrical,6.53,0,1,0,69.0,54.5,1,0,0
Electrical,6.82,0,2,0,39.0,65.1,0,0,0
ECE,7.97,3,2,0,84.1,91.7,1,1,1
ECE,7.25,0,1,1,82.5,63.3,1,1,1
CSE,7.58,1,1,0,79.8,59.2,1,0,1
Mechanical,6.3,3,2,0,73.8,72.9,0,1,1
Chemical,6.98,1,2,0,55.0,70.4,1,1,0
ECE,7.93,1,4,0,91.0,51.3,1,0,1
Mechanical,7.94,1,2,0,60.2,94.5,1,0,1
CSE,6.75,1,4,0,62.3,59.6,2,1,0
CSE,7.55,1,2,0,91.8,63.5,1,0,1
CSE,9.38,3,1,1,48.6,68.3,1,0,0
CSE,7.38,2,1,0,81.1,65.2,0,1,1
Chemical,6.78,1,2,3,50.1,82.9,2,1,0
ECE,7.24,0,1,1,55.9,51.2,2,1,1
Electrical,7.48,2,3,0,73.1,71.8,1,1,1
Civil,7.26,0,3,0,43.2,62.5,2,0,1
CSE,7.37,2,2,0,88.2,74.7,2,1,1
CSE,6.1,0,2,1,76.0,56.8,0,1,0
Electrical,6.53,2,2,1,55.9,54.7,0,0,1
CSE,7.27,2,2,1,100.0,71.0,2,0,0
Chemical,7.25,1,1,2,57.7,65.4,0,0,0
CSE,6.89,0,1,0,83.4,47.7,1,1,1
Civil,7.24,2,1,1,79.5,80.2,0,1,0
Electrical,7.45,1,1,0,87.2,71.0,1,1,1
CSE,8.2,0,3,0,88.4,58.9,2,0,0
CSE,7.31,1,0,0,65.6,,1,1,0
Chemical,7.76,1,1,1,28.3,65.5,2,0,0
CSE,6.91,1,4,0,86.7,69.9,2,1,1
ECE,7.91,0,4,0,92.7,36.1,2,1,1
ECE,7.74,1,2,0,75.4,65.6,2,1,0
CSE,8.18,2,2,2,17.0,69.8,2,0,1
Civil,8.04,0,3,0,71.7,24.7,0,0,0
Civil,7.93,1,0,0,65.8,62.9,2,0,0
ECE,7.31,1,2,0,63.6,70.4,2,1,0
Electrical,7.62,2,0,0,78.8,68.7,1,0,1
CSE,8.36,1,2,2,88.3,72.0,5,1,1
CSE,6.81,2,4,3,72.7,55.1,1,0,0
Mechanical,6.83,0,3,1,82.9,44.4,1,0,0
Chemical,7.56,1,4,1,,33.0,3,0,1
CSE,7.77,3,3,0,83.0,76.4,2,0,1
CSE,6.66,2,2,0,76.2,70.5,0,0,0
Mechanical,7.33,1,3,0,47.1,77.5,0,0,0
Electrical,7.32,1,3,1,73.5,49.1,2,0,1
CSE,5.41,1,2,0,100.0,72.1,0,1,1
ECE,7.2,0,1,1,86.5,37.5,0,0,0
Civil,7.26,2,2,0,70.0,47.0,2,1,1
ECE,7.26,2,1,0,37.5,61.9,0,1,1
CSE,8.67,1,2,0,53.0,69.9,0,0,1
CSE,6.31,0,1,1,75.0,,3,0,1
ECE,6.66,0,2,1,66.4,56.4,1,0,1
ECE,5.05,0,1,0,55.0,47.0,1,0,1
Electrical,6.97,2,1,1,98.3,46.2,2,0,1
Mechanical,7.04,1,2,1,60.9,49.7,1,1,0
Civil,6.94,0,1,0,59.8,,1,0,0
Chemical,8.4,1,4,1,80.8,71.4,1,1,0
ECE,8.17,3,2,0,74.0,76.7,2,1,1
ECE,7.47,0,2,0,100.0,56.4,1,0,1
Chemical,7.07,1,0,0,34.1,60.0,0,1,0
CSE,8.32,1,3,0,69.1,70.5,1,0,1
Civil,7.38,0,2,0,36.0,52.4,3,0,1
Civil,6.66,1,2,0,83.1,55.6,1,1,1
CSE,5.86,1,1,0,88.4,49.9,0,0,1
ECE,7.0,0,3,1,60.2,53.3,0,0,1
CSE,8.08,0,4,0,65.5,60.7,1,1,1
CSE,9.45,2,2,0,100.0,47.7,0,1,1
ECE,7.46,0,1,0,70.5,64.3,1,0,1
CSE,6.71,1,1,0,99.4,64.3,0,1,1
Electrical,6.33,1,0,1,57.9,57.3,2,1,0
Chemical,7.9,2,3,2,71.2,47.6,1,1,1
Electrical,5.81,2,4,0,78.4,61.6,0,0,1
CSE,7.9,2,4,1,73.8,52.4,2,1,1
CSE,8.14,1,3,0,77.4,60.7,3,0,0
CSE,7.79,1,1,3,52.7,76.5,2,0,0
CSE,7.2,1,4,0,91.9,41.2,2,0,1
Chemical,7.91,1,1,0,67.7,92.6,3,0,1
ECE,7.55,1,1,0,83.8,58.9,1,0,0
CSE,6.7,0,3,0,90.0,66.2,1,0,0
Electrical,9.07,1,0,0,56.7,48.7,2,0,1
ECE,7.08,1,3,0,99.9,77.1,2,1,1
CSE,8.1,0,4,0,97.1,58.1,0,0,1
CSE,5.22,0,3,1,100.0,54.1,2,0,0
Mechanical,8.55,2,3,1,90.1,51.4,0,1,0
Electrical,8.72,1,2,0,62.7,56.0,0,0,1
CSE,7.43,2,0,2,80.0,66.3,1,1,0
Chemical,7.9,1,3,0,73.9,62.6,1,0,1
Electrical,7.9,2,2,3,46.3,59.4,3,1,0
Electrical,6.82,2,4,0,52.7,49.3,2,0,1
CSE,7.89,0,1,1,48.6,48.5,0,0,0
CSE,6.67,3,1,2,76.1,53.1,0,1,0
Electrical,6.85,0,2,1,57.0,66.9,2,0,0
ECE,8.41,1,3,1,46.2,69.9,4,0,1
Mechanical,8.28,2,3,0,66.7,72.0,0,0,1
Civil,6.76,0,4,1,57.3,60.0,1,1,0
CSE,6.74,1,1,0,95.3,65.8,1,0,1
Electrical,6.82,1,2,0,100.0,57.5,0,1,1
Chemical,8.06,0,0,3,57.2,33.9,3,1,0
Civil,6.5,0,1,0,37.5,56.8,1,0,0
ECE,7.72,0,2,0,78.6,54.4,1,1,1
Electrical,8.07,0,2,2,63.2,44.4,1,1,1
Mechanical,7.32,1,2,0,54.7,51.5,1,0,0
Civil,8.31,1,2,0,39.5,62.0,1,0,1
Electrical,7.13,1,2,0,56.6,43.0,2,0,1
Civil,7.21,1,3,1,54.8,49.3,0,1,0
CSE,6.52,0,1,2,86.5,83.2,2,0,0
CSE,8.32,0,1,0,81.2,36.0,1,0,1
CSE,6.71,2,3,0,100.0,57.3,1,1,1
Mechanical,7.71,3,3,0,78.1,42.5,3,1,1
Mechanical,7.34,1,3,1,69.6,48.7,0,0,0
Mechanical,6.45,0,1,1,48.5,57.0,1,1,0
ECE,6.85,2,2,3,52.3,45.2,2,1,0
Electrical,8.64,2,4,0,62.7,68.6,1,0,0
Chemical,7.58,1,2,0,44.4,80.3,1,0,1
CSE,6.49,0,2,0,28.9,72.6,0,1,0
Civil,7.67,0,4,0,40.8,75.4,1,0,0
Civil,7.27,1,1,0,80.8,39.3,4,1,0
Mechanical,10.0,3,3,0,72.6,56.4,0,0,1
CSE,7.66,1,3,0,,67.0,2,1,1
Electrical,7.06,0,1,2,67.2,73.1,1,1,0
Chemical,8.68,1,3,0,24.8,86.3,5,0,1
Civil,5.74,2,2,0,62.1,76.0,1,0,0
Chemical,7.48,1,3,1,83.0,73.4,4,1,1
Chemical,9.19,2,4,0,62.8,99.5,1,1,1
ECE,7.3,1,3,0,40.1,61.4,1,0,0
Mechanical,5.84,0,0,0,43.5,55.7,1,0,1
ECE,7.04,1,3,0,95.0,62.7,0,0,1
Chemical,8.71,1,4,0,67.7,46.3,0,0,1
CSE,7.74,3,2,0,55.5,61.0,1,0,0
ECE,6.65,1,2,0,100.0,34.1,0,1,1
Electrical,6.78,1,0,0,36.4,52.1,0,0,0
CSE,6.9,1,3,0,75.6,58.3,0,1,1
Electrical,7.73,1,0,0,40.3,74.2,0,1,1
ECE,8.6,1,1,0,47.4,76.7,2,1,1
Chemical,8.35,2,4,2,56.9,45.5,1,1,0
Electrical,7.81,1,4,0,82.5,91.1,2,0,1
ECE,6.2,1,4,0,98.2,62.2,0,0,0
Civil,6.2,1,2,0,48.0,63.6,1,0,1
ECE,7.88,0,1,1,45.8,35.7,0,0,0
Mechanical,6.19,1,2,0,67.6,50.7,2,1,0
Civil,7.2,1,1,0,61.1,75.7,1,1,0
Electrical,7.67,1,3,0,72.3,62.5,1,1,1
CSE,6.38,2,2,0,84.0,61.6,2,0,1
CSE,6.48,2,2,1,77.0,63.4,3,0,1
Civil,7.32,2,0,0,52.8,38.4,1,1,1
Mechanical,7.85,1,2,1,,58.6,1,0,0
ECE,8.36,0,3,0,89.3,81.1,2,0,1
CSE,7.95,2,3,1,100.0,76.3,0,1,1
ECE,7.47,1,0,0,66.2,58.1,3,1,1
Electrical,6.73,1,1,1,61.9,83.5,0,0,0
CSE,6.44,1,2,1,81.6,41.1,1,0,0
ECE,6.94,2,1,0,56.2,45.4,0,1,0
Chemical,7.77,0,4,0,74.8,88.0,2,1,1
CSE,7.7,1,3,0,87.9,68.7,1,0,1
Civil,5.51,0,0,0,39.4,55.7,1,1,1
CSE,6.69,1,3,1,96.2,59.2,1,0,1
Electrical,8.48,1,2,0,65.3,47.9,1,1,0
Civil,7.47,1,1,1,34.5,64.1,2,1,0
Electrical,6.12,1,2,1,71.3,63.0,2,1,1
CSE,9.52,2,0,1,77.3,60.3,3,1,1
Mechanical,7.37,2,2,1,78.3,42.6,1,0,1
Civil,7.75,1,3,0,73.0,64.0,0,0,1
CSE,7.76,3,4,0,85.0,52.1,1,1,1
CSE,7.07,1,1,0,65.5,45.2,1,0,1
CSE,6.75,2,2,1,79.0,79.0,0,1,0
Chemical,9.31,0,1,3,58.5,92.5,2,0,1
Civil,8.3,0,2,0,61.7,89.1,1,0,0
Mechanical,8.14,0,1,2,59.4,69.8,0,1,0
Civil,7.92,0,2,3,51.4,56.0,3,0,0
Mechanical,6.5,1,1,0,73.9,58.9,2,1,1
ECE,8.55,0,4,1,60.9,66.1,0,0,1
ECE,6.64,1,3,0,100.0,53.7,0,0,0
Mechanical,7.65,0,1,0,67.7,79.8,2,0,0
CSE,5.92,0,3,0,57.7,29.5,0,0,0
Electrical,5.56,3,0,0,66.3,55.6,0,1,1
Electrical,7.69,1,3,1,81.9,72.0,3,0,1
ECE,6.67,3,1,0,63.7,47.3,0,0,0
Mechanical,5.61,1,1,1,29.1,56.4,1,1,0
CSE,7.89,0,3,1,59.3,68.9,0,0,0
Chemical,9.31,1,2,1,66.8,82.8,2,0,0
Chemical,8.65,1,2,0,25.4,40.6,3,1,0
Chemical,7.17,0,2,0,28.9,39.5,0,1,0
ECE,7.41,2,0,0,74.7,45.8,1,0,1
CSE,8.2,1,0,0,67.0,36.9,0,1,1
CSE,8.41,2,2,0,66.5,38.0,0,0,1
CSE,7.09,1,2,0,68.1,45.4,1,0,1
CSE,7.43,1,0,0,44.5,78.5,3,0,0
CSE,7.67,0,2,0,83.7,55.3,1,1,1
Chemical,7.9,3,2,0,46.5,60.5,0,0,1
CSE,7.28,1,3,0,70.4,45.7,2,1,1
CSE,7.29,0,3,2,84.2,69.5,1,0,0
Electrical,8.64,0,2,0,58.4,88.1,1,0,1
Mechanical,8.49,1,2,2,46.3,46.7,0,1,0
Civil,7.83,3,2,0,23.2,85.9,1,1,0
Mechanical,8.95,2,1,0,64.6,65.5,1,0,1
Electrical,7.05,2,0,2,62.4,60.3,0,0,0
Mechanical,8.86,3,0,2,47.7,66.0,1,1,0
Mechanical,7.89,2,3,0,45.3,65.9,3,0,1
Civil,10.0,0,1,0,50.2,87.9,4,0,0
ECE,6.33,1,2,0,77.6,67.8,0,0,0
ECE,6.78,0,2,0,68.8,68.1,3,1,0
ECE,7.78,0,2,1,96.5,,1,0,1
CSE,7.76,1,3,0,92.7,72.6,0,0,1
Electrical,9.16,0,3,0,64.1,45.6,1,0,1
CSE,6.8,3,0,0,88.3,61.6,0,0,1
CSE,8.21,3,3,0,84.9,100.0,2,0,1
CSE,8.45,1,2,0,77.8,22.4,0,0,1
Electrical,8.03,2,1,0,87.3,63.5,0,1,1
ECE,6.54,1,3,2,55.8,64.1,2,0,0
Civil,8.67,0,3,0,56.4,56.6,4,0,0
Electrical,8.51,0,1,0,81.4,,2,1,0
CSE,7.94,0,4,0,86.6,61.4,1,0,0
Civil,7.58,0,2,0,46.4,56.2,2,0,0
ECE,7.6,0,2,0,36.3,63.3,0,0,0
CSE,7.33,0,0,0,,52.7,1,1,1
Civil,7.98,0,1,3,87.4,90.3,0,1,0
Chemical,7.43,3,2,3,66.6,56.2,3,1,0
CSE,6.64,0,2,1,64.5,68.5,3,1,1
Mechanical,6.46,0,2,1,63.3,50.0,2,0,0
CSE,6.72,1,3,0,62.9,74.0,0,1,0
Mechanical,7.6,1,1,0,50.0,71.0,0,0,1
Mechanical,7.38,1,3,0,45.1,66.3,2,0,1
Mechanical,7.59,0,3,1,34.6,44.6,0,0,0
Mechanical,7.85,1,3,0,24.1,48.7,3,0,0
CSE,6.84,1,3,0,51.2,85.3,2,0,1
Civil,8.72,1,3,0,76.4,48.5,3,0,1
Civil,7.16,1,0,0,31.2,69.6,3,1,0
Civil,7.01,1,3,1,67.6,45.8,2,1,0
CSE,7.83,1,4,0,100.0,75.1,1,1,1
ECE,5.75,0,2,0,,49.7,0,0,0
ECE,6.69,1,1,0,60.6,45.6,2,0,0
CSE,8.28,0,4,1,83.4,49.3,2,1,1
CSE,5.84,0,1,0,64.5,51.7,2,0,0
ECE,8.41,1,1,0,87.7,66.1,0,0,1
Civil,8.76,0,1,0,83.8,61.0,1,0,0
CSE,7.07,0,2,0,100.0,43.6,0,0,0
Electrical,7.66,1,2,1,26.3,59.6,2,0,0
Mechanical,8.41,1,2,0,51.1,42.8,1,1,1
Civil,6.98,2,4,2,63.1,69.7,3,1,1
ECE,8.18,3,2,0,81.3,72.4,0,1,1
ECE,6.8,3,2,0,41.9,59.6,3,0,1
Mechanical,6.97,1,3,3,30.6,64.1,3,0,1
Chemical,6.68,0,3,0,81.5,86.3,0,1,0
ECE,7.71,1,1,1,55.9,57.6,2,0,1
Mechanical,8.44,1,0,0,26.2,45.8,1,0,0
Mechanical,7.23,1,2,0,39.1,68.7,2,1,1
Civil,6.26,0,3,0,63.0,43.0,0,0,1
CSE,6.43,0,2,0,60.2,56.8,1,0,0
Mechanical,7.76,0,1,1,58.3,51.0,1,0,0
ECE,9.06,0,3,0,52.4,49.5,1,1,1
Chemical,7.75,0,3,0,26.6,56.2,0,0,0
ECE,7.05,3,2,0,98.6,73.5,2,0,1
ECE,8.09,0,3,0,77.2,76.6,1,0,1
Chemical,7.18,1,3,0,54.0,73.9,1,1,1
ECE,7.06,3,3,3,66.6,65.0,1,1,1
CSE,6.54,1,3,0,100.0,56.1,1,1,1
CSE,8.67,1,3,0,90.6,24.6,1,1,1
CSE,5.11,1,2,0,97.6,65.5,0,0,0
CSE,8.12,0,2,0,64.5,25.8,0,0,0
ECE,6.98,1,3,0,72.9,31.1,0,0,1
Civil,7.03,2,2,1,64.2,57.6,2,0,0
Civil,8.92,2,2,0,47.1,64.0,2,1,1
CSE,6.76,2,1,1,74.3,53.2,1,0,1
Mechanical,6.79,3,3,0,55.5,83.0,2,1,1
CSE,7.28,1,2,0,84.2,66.9,4,0,1
Chemical,7.77,2,1,2,32.2,56.3,2,1,0
CSE,7.0,1,2,2,87.3,80.8,0,1,1
Mechanical,5.98,1,1,2,61.6,83.5,0,0,0
ECE,6.62,2,4,0,73.3,67.7,0,1,1
Mechanical,8.55,2,3,3,72.1,48.4,2,1,1
ECE,7.47,2,2,1,64.4,51.7,1,1,1
Civil,7.81,0,2,1,40.9,38.3,2,1,0
CSE,7.16,1,3,1,89.8,59.4,2,0,0
Chemical,6.81,0,2,3,65.6,44.2,2,0,0
Mechanical,8.91,1,4,0,55.9,55.1,1,1,1
Civil,7.23,2,0,1,40.3,63.9,2,1,1
Electrical,7.0,2,0,1,57.7,,3,1,0
Chemical,8.39,1,2,1,47.1,41.0,1,0,0
CSE,6.75,1,1,1,100.0,52.4,2,0,0
CSE,6.86,0,2,0,80.7,59.2,3,0,0
CSE,7.41,0,3,0,78.3,52.6,2,1,1
CSE,7.4,0,1,0,55.2,55.9,0,0,0
Mechanical,7.63,3,2,1,76.3,,2,0,0
Chemical,9.28,0,3,1,47.0,38.3,1,0,1
Chemical,7.7,3,3,1,52.3,52.0,2,0,0
Mechanical,5.26,0,2,1,70.9,56.8,2,0,0
Mechanical,7.69,2,1,0,65.0,55.3,3,1,1
Electrical,7.43,1,2,0,19.9,61.7,0,0,1
Chemical,7.44,1,2,0,,66.3,2,0,0
CSE,7.62,1,3,2,82.3,70.2,1,0,0
Mechanical,7.37,2,2,0,54.9,50.5,2,0,0
Electrical,7.35,3,1,2,,36.4,2,1,0
ECE,7.95,1,3,3,39.4,79.1,1,1,1
ECE,6.91,0,2,0,16.0,65.8,0,1,0
Chemical,6.55,0,1,1,34.4,45.7,1,1,0
Chemical,10.0,2,2,0,64.1,64.2,0,0,1
Chemical,6.76,1,4,0,5.0,76.0,1,1,0
Electrical,7.49,1,3,0,52.8,85.9,0,0,1
CSE,6.05,1,1,0,39.4,63.8,3,1,0
ECE,7.5,1,3,0,67.6,75.9,1,1,0
Mechanical,6.56,2,1,0,93.2,41.9,2,0,1
Mechanical,7.0,2,2,0,57.1,59.5,2,0,1
Mechanical,8.34,2,2,0,59.1,55.0,0,0,1
Mechanical,7.82,2,1,0,73.1,65.1,1,0,0
ECE,7.91,2,1,0,68.4,84.2,0,0,1
Civil,5.81,1,4,2,57.1,63.7,0,1,0
ECE,9.05,3,1,0,86.7,45.9,2,0,1
ECE,6.33,0,3,0,78.5,41.0,1,1,1
CSE,8.78,1,3,3,85.2,84.7,0,0,1
CSE,8.32,2,2,1,76.5,67.7,3,0,1
Electrical,7.92,1,1,1,55.8,66.7,1,0,0
ECE,6.63,0,1,1,80.5,54.8,2,0,0
CSE,7.54,1,1,0,67.9,64.0,0,0,1
Civil,6.98,1,2,1,77.2,45.2,2,0,0
Mechanical,7.43,3,4,0,50.2,65.8,0,0,1
CSE,7.18,1,3,0,100.0,42.4,1,0,1
ECE,5.57,0,0,0,69.5,54.6,1,1,0
CSE,8.41,1,1,1,56.6,50.4,0,1,0
Civil,7.33,1,1,0,61.2,11.1,1,0,0
CSE,6.96,0,4,0,69.3,54.8,1,1,0
CSE,6.9,1,1,0,74.6,46.5,1,1,0
CSE,7.72,1,1,1,65.2,56.8,1,0,1
Mechanical,6.6,0,2,0,54.6,60.0,1,0,0
CSE,5.37,1,2,0,93.9,86.5,2,0,0
Electrical,7.77,1,1,0,71.3,64.6,0,0,1
CSE,7.87,2,3,1,61.7,65.0,0,1,0
Mechanical,7.22,1,0,0,33.8,67.4,0,1,0
ECE,6.37,0,0,2,65.9,73.1,1,0,0
ECE,7.48,3,0,0,73.2,66.8,2,0,1
CSE,6.08,1,2,0,64.9,64.2,0,1,1
Electrical,6.48,0,4,0,97.6,70.7,0,0,1
Electrical,6.72,2,2,0,81.6,23.6,0,0,0
CSE,8.16,0,3,0,66.7,91.3,1,0,1
CSE,7.07,2,1,0,63.0,83.8,0,1,0
Chemical,7.0,2,3,2,57.9,63.3,0,1,1
Mechanical,9.16,3,4,0,,,1,1,1
CSE,7.72,3,2,0,100.0,78.2,2,1,1
CSE,7.71,0,4,0,,49.6,1,0,1
Civil,7.07,2,2,0,57.6,68.0,1,0,1
Civil,6.86,0,3,0,68.2,40.8,1,1,0
Mechanical,5.43,1,1,0,,93.4,0,1,1
Chemical,8.27,1,2,0,58.0,38.4,2,0,1
ECE,7.8,0,2,0,74.2,61.0,3,0,1
ECE,7.24,0,4,2,83.7,28.2,2,1,1
ECE,7.28,0,4,1,81.8,59.4,0,0,0
ECE,8.06,0,2,2,53.0,53.6,1,0,0
CSE,6.0,0,4,0,68.8,77.1,0,0,1
CSE,6.87,3,3,2,78.8,53.6,2,0,1
ECE,6.38,1,2,0,56.3,77.1,0,1,0
Civil,8.99,2,0,0,24.5,44.6,3,1,1
CSE,8.19,2,1,1,88.2,55.8,1,0,1
ECE,5.42,2,0,0,71.2,56.1,3,0,0
Mechanical,6.04,1,1,0,31.9,67.4,2,0,0
Mechanical,7.28,2,4,1,62.7,65.5,1,0,0
Civil,6.97,2,1,0,50.7,70.8,3,0,1
Electrical,6.21,2,3,0,73.3,64.0,1,0,1
Civil,9.15,3,2,0,39.5,69.9,0,1,0
CSE,7.68,1,2,0,52.6,46.5,1,1,0
ECE,7.83,1,1,3,75.4,65.8,1,0,0
Mechanical,6.78,2,2,0,33.4,84.1,3,1,1
CSE,8.05,1,2,0,72.8,34.8,1,1,1
CSE,7.06,2,2,0,73.1,,1,0,1
CSE,7.14,0,1,2,69.8,70.2,4,1,0
ECE,7.95,0,3,1,74.5,81.9,0,0,1
ECE,5.93,1,0,0,91.8,70.9,1,1,1
CSE,8.84,0,2,3,46.2,61.5,3,0,0
Electrical,7.56,3,2,0,84.8,66.5,0,0,1
Chemical,8.55,0,1,2,6.8,49.0,0,1,0
CSE,6.43,2,3,0,100.0,54.2,1,1,1
Chemical,6.57,0,1,0,15.2,40.0,3,0,0
CSE,6.35,3,4,0,100.0,,4,1,1
Chemical,7.63,1,3,3,53.0,66.8,0,1,0
Chemical,7.46,0,2,2,78.2,46.3,1,1,1
CSE,6.98,0,1,0,91.5,64.1,1,1,1
Civil,6.49,1,1,0,44.1,77.4,1,0,1
Chemical,6.26,3,4,0,60.5,74.9,0,0,1
Chemical,7.36,3,2,0,45.9,46.1,4,0,1
Chemical,6.98,0,0,0,63.2,13.0,2,1,1
Mechanical,6.78,1,2,0,51.4,65.9,2,1,1
CSE,8.79,0,0,1,54.3,46.7,1,1,0
Electrical,7.33,1,2,0,74.7,69.3,2,0,0
Mechanical,8.54,1,2,2,42.9,74.3,2,1,0
Mechanical,6.92,0,0,0,45.1,76.7,3,1,0
ECE,7.62,1,3,0,73.9,86.2,0,1,0
Mechanical,7.35,2,1,0,46.4,78.5,1,1,1
CSE,5.87,0,2,0,66.2,86.2,0,0,0
Civil,8.69,0,2,0,80.6,80.7,3,0,1
CSE,7.28,0,4,1,77.3,82.0,3,0,0
Civil,8.07,0,2,0,46.5,59.4,1,0,0
Electrical,6.72,0,4,0,65.8,40.7,0,0,0
ECE,7.25,1,2,2,77.2,97.2,0,1,0
Mechanical,6.62,0,3,0,41.4,60.9,3,0,0
ECE,8.51,2,1,0,75.7,78.4,1,0,1
Chemical,7.68,2,3,1,66.6,51.7,0,0,1
Civil,7.73,3,0,0,20.8,,0,1,1
ECE,8.62,1,4,0,100.0,23.3,1,1,1
CSE,8.44,0,4,1,100.0,53.8,1,0,1
CSE,8.09,0,2,2,60.6,58.5,3,1,1
ECE,6.12,0,2,0,46.8,66.9,1,1,1
Chemical,6.77,3,2,0,65.1,76.1,1,1,1
Civil,6.5,3,1,1,30.3,43.6,3,1,0
CSE,8.05,1,3,0,100.0,69.9,0,1,1
Electrical,7.55,0,3,0,57.6,78.4,1,1,1
ECE,6.15,1,2,0,98.2,95.2,0,0,1
Electrical,7.23,0,1,1,45.2,70.6,0,1,0
CSE,6.06,3,4,0,85.0,53.1,0,0,1
Mechanical,7.35,0,1,0,76.8,40.9,0,0,1
Chemical,5.91,1,2,0,51.2,87.4,1,1,0
CSE,7.88,1,1,0,78.9,71.1,1,1,1
Civil,7.74,0,1,2,69.7,59.7,1,1,0
Chemical,9.12,1,0,0,41.0,35.7,1,1,0
CSE,8.16,2,2,0,56.3,46.0,4,1,1
CSE,7.02,0,2,2,48.7,69.5,1,0,1
Civil,8.14,1,2,0,65.5,65.3,0,1,1
ECE,6.14,1,3,0,79.0,30.8,0,0,1
CSE,6.53,0,3,0,97.1,69.5,1,0,0
ECE,7.7,0,1,1,59.1,36.5,0,0,0
Civil,5.46,0,0,1,21.2,80.3,3,1,0
CSE,7.37,0,2,1,32.7,63.1,0,1,0
ECE,6.48,1,3,0,100.0,53.0,1,1,1
Electrical,7.49,2,2,0,76.5,74.9,0,0,1
Mechanical,6.43,2,1,0,60.5,65.3,1,1,0
Electrical,7.78,3,3,3,77.0,79.9,2,1,0
ECE,7.42,1,0,0,37.2,61.2,0,1,1
Chemical,8.66,2,2,0,44.7,62.1,0,0,0
Civil,7.41,1,1,1,83.4,55.7,0,1,0
CSE,6.71,0,3,0,89.9,63.9,2,1,1
Electrical,7.18,0,2,0,49.3,85.5,0,0,0
ECE,6.19,1,3,0,49.9,52.5,3,0,0
CSE,7.77,2,0,0,63.7,69.7,1,0,0
CSE,7.93,1,2,3,71.3,46.8,2,0,0
Civil,9.62,0,1,0,86.9,29.0,0,0,1
CSE,6.84,3,3,3,80.6,63.1,1,1,1
CSE,7.16,0,1,0,50.6,65.6,1,1,0
CSE,6.88,3,0,0,73.9,58.3,1,1,1
ECE,7.59,2,3,2,78.8,37.6,2,0,0
ECE,7.74,2,0,2,42.0,64.6,0,0,0
Mechanical,7.35,2,1,0,65.2,64.0,1,1,1
CSE,8.38,0,3,1,99.8,46.7,1,1,1
CSE,6.84,1,3,2,82.5,39.7,0,1,1
Mechanical,8.29,2,3,1,49.7,56.2,0,1,1
ECE,7.88,2,1,0,58.5,69.8,0,1,1
Civil,7.39,0,2,0,23.1,66.2,0,1,0
CSE,7.12,0,3,0,75.6,46.8,1,1,0
CSE,9.58,0,1,0,77.6,62.1,2,0,1
CSE,6.66,1,3,0,63.9,73.3,3,0,1
ECE,7.67,1,0,0,97.9,42.4,1,1,1
ECE,6.72,2,4,0,91.3,60.9,1,0,1
Electrical,9.01,2,2,0,34.7,80.1,1,0,1
ECE,8.2,1,2,0,37.1,40.9,0,0,1
Mechanical,6.79,0,2,0,39.3,77.3,0,1,1
Mechanical,7.86,1,1,0,84.3,84.3,1,0,1
CSE,7.63,0,1,0,88.0,56.7,0,1,0
Mechanical,6.94,0,3,2,89.2,54.9,2,1,0
ECE,8.08,0,2,0,67.2,75.5,3,1,1
ECE,7.75,0,2,0,63.2,57.2,3,0,0
CSE,7.59,0,1,0,49.5,24.7,0,1,0
Electrical,7.36,1,3,0,74.3,58.5,0,1,0
Chemical,7.79,0,2,0,51.5,67.1,3,0,1
CSE,7.61,0,1,0,67.8,71.1,3,1,1
Mechanical,7.45,0,4,0,92.1,46.8,1,0,1
Civil,6.82,1,2,1,52.7,56.0,0,1,0
CSE,8.92,1,2,0,100.0,74.7,0,1,1
Electrical,6.45,0,4,0,40.4,59.1,0,0,1
Mechanical,7.78,0,2,0,100.0,37.1,0,1,1
Chemical,7.11,3,4,0,60.3,78.6,0,0,1
Chemical,8.98,1,3,0,72.7,56.8,2,1,0
CSE,6.59,1,2,1,92.6,76.4,0,1,1
ECE,6.74,1,1,0,57.0,39.1,4,0,0
Mechanical,6.53,2,0,0,69.7,58.2,1,1,1
CSE,7.69,2,2,0,94.7,67.6,1,1,1
ECE,6.16,1,0,0,50.2,58.7,0,0,0
Chemical,6.97,1,0,1,38.4,42.3,1,1,0
CSE,5.46,0,2,0,75.8,24.2,1,0,0
ECE,7.62,1,3,0,69.9,82.8,1,0,0
Electrical,6.95,1,1,0,87.1,63.7,3,0,0
ECE,6.06,0,3,1,82.6,,1,0,0
ECE,8.38,3,4,0,77.7,73.9,0,0,1
Chemical,6.22,2,3,2,72.9,69.0,0,0,0
ECE,8.12,0,3,3,33.2,55.2,2,1,0
CSE,6.77,3,3,1,72.9,67.3,0,0,0
CSE,8.84,0,1,0,77.2,81.5,5,1,1
Chemical,8.07,1,2,1,77.1,61.2,2,0,0
CSE,6.49,2,4,0,88.6,88.5,2,0,1
Mechanical,6.57,0,3,2,86.2,37.5,2,1,0
CSE,7.94,1,3,0,95.6,35.9,1,0,1
ECE,7.16,1,4,0,66.2,74.8,5,0,1
Chemical,7.25,0,1,0,49.5,47.7,1,1,1
Mechanical,8.55,1,1,1,63.4,90.7,1,0,0
Chemical,6.73,0,2,2,46.9,,1,0,0
CSE,7.48,1,0,0,98.6,83.8,1,1,1
Mechanical,8.26,0,2,0,37.0,73.3,0,0,0
Electrical,8.13,0,3,1,71.7,46.2,1,1,0
ECE,7.26,2,2,1,84.2,35.1,1,0,0
CSE,7.14,0,1,1,66.4,82.4,1,0,0
Electrical,5.84,1,3,0,58.3,37.5,5,0,1
ECE,6.45,2,1,0,66.6,83.8,1,0,0
Mechanical,7.69,2,3,2,78.6,70.0,2,1,1
Chemical,7.28,0,1,0,43.0,58.9,1,1,0
CSE,7.47,2,3,0,62.8,66.6,2,1,1
ECE,8.34,2,2,0,91.7,67.0,1,0,1
CSE,6.33,0,2,0,82.2,57.0,2,1,1
ECE,7.19,2,2,1,89.1,81.4,1,1,1
CSE,7.57,2,1,0,89.7,80.9,2,0,1
Civil,6.77,1,2,0,94.2,62.3,0,0,0
CSE,8.69,1,3,0,100.0,51.0,1,0,1
Civil,8.22,2,3,2,47.0,79.6,0,0,1
CSE,7.66,3,1,1,86.5,29.7,1,0,1
ECE,9.01,1,3,0,62.0,66.7,2,0,1
ECE,6.05,2,3,1,65.8,71.1,1,1,0
Civil,7.39,2,3,0,34.6,47.6,3,0,0
ECE,7.73,2,2,1,65.8,74.6,2,0,0
ECE,6.58,3,0,1,76.8,59.6,1,1,1
Electrical,7.67,0,4,0,67.8,51.8,2,0,1
Mechanical,6.4,0,2,3,37.2,74.4,1,0,0
CSE,8.02,1,2,0,49.6,43.7,3,0,0
Chemical,8.35,1,3,0,98.0,73.0,1,1,1
ECE,7.65,1,1,0,71.9,30.3,2,0,0
CSE,5.73,2,3,1,67.2,64.3,3,1,1
ECE,6.53,3,0,0,75.3,60.7,1,1,1
CSE,7.91,1,3,0,100.0,51.9,3,1,1
CSE,7.42,2,4,0,96.2,65.8,2,1,1
Civil,5.0,0,4,3,8.8,58.8,0,1,0
CSE,8.52,1,4,0,100.0,75.8,0,1,1
Electrical,7.52,0,3,0,32.7,68.4,1,0,0
Chemical,6.66,1,1,0,50.3,66.8,0,0,0
Mechanical,8.3,1,4,1,44.6,64.4,3,0,1
Civil,6.79,2,4,0,49.7,52.9,3,0,1
Civil,6.78,1,2,0,60.1,55.5,3,0,0
Chemical,7.72,1,2,3,19.7,63.7,0,1,0
ECE,9.0,0,1,0,62.4,57.4,1,0,1
CSE,8.86,0,2,0,95.7,76.7,0,1,1
Mechanical,7.72,3,3,2,50.8,61.4,1,0,0
Mechanical,7.82,3,2,0,38.0,65.6,3,1,1
CSE,8.11,0,2,0,72.5,39.0,0,0,0
Mechanical,6.27,0,2,0,50.9,74.1,0,1,1
CSE,7.98,1,0,1,60.3,51.3,1,1,0
Chemical,6.74,1,4,2,41.6,44.4,1,0,0
CSE,7.69,1,1,0,83.3,84.7,1,1,1
CSE,7.2,0,1,0,82.7,70.5,1,1,1
CSE,7.85,1,0,0,51.8,74.7,1,1,1
CSE,7.51,0,3,0,61.3,66.8,0,1,0
CSE,5.0,0,3,0,80.5,58.6,0,0,0
CSE,7.56,0,0,0,51.6,55.8,3,1,0
CSE,7.98,1,1,0,77.2,71.7,1,1,1
CSE,7.8,1,2,1,100.0,77.0,2,1,1
ECE,7.31,0,1,0,,59.0,0,1,1
ECE,8.88,1,3,0,50.2,91.1,1,1,1
ECE,7.68,1,0,0,70.1,57.0,0,0,1
ECE,7.79,2,2,0,67.8,39.1,1,1,1
CSE,8.34,3,2,0,78.3,34.2,2,0,0
CSE,7.73,0,2,0,83.6,34.7,1,1,1
CSE,6.59,2,2,0,91.4,53.8,2,0,1
Civil,5.21,2,1,0,54.6,56.5,3,1,0
Chemical,6.97,1,1,1,52.9,70.2,0,0,0
Chemical,8.08,1,0,2,88.1,59.6,3,0,0
Mechanical,7.08,0,1,1,75.6,72.7,0,0,0
Mechanical,8.12,0,4,0,78.0,60.7,4,0,1
ECE,7.53,3,1,2,72.4,60.2,2,1,1
Civil,8.56,1,1,0,33.9,51.3,1,0,1
Civil,7.13,1,1,0,72.3,81.3,0,0,0
Electrical,7.82,1,3,0,70.6,37.0,1,0,1
Electrical,7.86,0,4,0,58.6,64.5,2,0,1
ECE,8.75,0,3,0,65.6,57.3,2,0,1
Civil,5.86,1,2,0,37.6,71.7,3,0,0
Electrical,6.99,1,3,1,87.0,59.7,0,1,1
ECE,8.16,2,2,0,83.3,60.1,1,1,1
Chemical,8.79,1,3,1,63.3,56.0,0,1,1
CSE,7.62,1,3,2,79.2,80.9,1,0,0
Chemical,7.14,2,0,0,40.7,60.0,2,0,0
Civil,8.08,0,2,0,14.7,89.5,3,0,1
CSE,8.18,1,1,0,48.6,64.1,0,1,1
Civil,7.08,2,0,0,37.6,60.3,0,0,0
CSE,7.7,0,3,3,61.9,57.8,3,0,0
Civil,8.46,0,0,1,52.2,68.5,2,1,1
Electrical,9.1,0,3,1,80.6,51.2,0,0,1
Mechanical,8.07,0,4,0,60.7,62.2,2,0,0
Electrical,7.44,1,2,1,90.4,60.1,2,1,0
CSE,7.35,0,2,1,60.9,64.9,0,1,0
CSE,7.9,1,2,0,74.6,65.3,1,0,1
ECE,7.3,0,3,0,69.1,66.0,0,0,0
CSE,7.57,0,1,0,91.7,,3,0,0
ECE,6.45,0,1,0,65.9,83.5,2,0,0
CSE,8.57,0,2,2,77.4,66.3,1,0,0
ECE,6.37,3,4,0,49.2,99.1,3,0,1
ECE,7.01,0,1,0,47.8,,1,0,0
Electrical,7.49,0,2,2,82.7,74.4,0,0,0
CSE,9.19,0,4,0,43.6,49.1,1,1,1
Electrical,7.02,1,1,0,86.2,81.0,1,1,1
ECE,6.8,1,0,2,72.0,49.4,2,0,0
ECE,6.9,2,2,2,57.5,66.8,1,1,0
Mechanical,8.89,1,0,1,38.0,56.0,1,1,0
ECE,5.0,1,1,0,100.0,66.8,1,0,0
CSE,6.5,1,2,3,100.0,56.5,1,1,0
Mechanical,9.86,2,3,1,61.9,48.2,1,0,1
CSE,7.93,1,2,1,79.4,55.9,3,1,1
ECE,6.4,0,2,0,55.4,83.1,2,0,1
Mechanical,7.36,2,2,0,63.4,67.0,1,0,1
ECE,7.46,2,2,1,58.9,40.7,0,1,0
Electrical,8.16,1,3,2,66.6,76.4,1,1,0
CSE,9.06,3,3,0,100.0,46.6,1,0,1
Chemical,7.75,2,3,0,60.3,71.2,0,1,0
Electrical,6.91,0,3,1,47.1,68.3,0,1,0
Chemical,8.11,2,3,0,,69.2,3,0,1
Electrical,6.77,1,1,0,64.3,87.8,1,0,0
CSE,6.47,1,4,0,69.3,47.6,1,0,1
Mechanical,5.82,1,3,0,66.4,69.2,1,1,0
CSE,5.99,2,1,1,46.8,,2,0,1
Electrical,6.59,1,0,0,,50.3,1,0,0
Mechanical,6.34,1,2,0,39.9,48.8,2,0,1
CSE,7.68,0,2,2,75.8,55.7,2,0,0
Chemical,6.32,1,3,1,53.9,64.9,0,0,0
CSE,5.0,3,2,0,,38.8,2,0,0
Mechanical,6.46,2,0,0,58.1,68.3,0,0,1
Civil,6.98,0,1,1,85.0,38.9,0,0,0
CSE,6.86,2,3,0,92.1,79.4,0,0,1
Mechanical,8.77,2,0,0,80.7,67.7,0,0,0
Electrical,6.85,1,3,0,64.2,88.7,1,0,0
CSE,8.19,0,1,0,78.2,70.0,1,1,1
Mechanical,7.38,1,2,1,80.9,55.4,2,0,0
CSE,7.36,0,2,0,91.3,48.0,1,0,0
Civil,6.65,0,1,0,59.6,63.6,0,1,0
CSE,7.35,1,3,0,74.1,59.5,1,1,1
Chemical,6.71,3,3,0,61.1,77.8,2,1,0
Electrical,7.55,1,0,0,79.5,46.1,1,1,1
CSE,7.19,2,2,2,100.0,90.3,4,0,1
ECE,6.55,3,3,0,65.3,79.1,0,0,1
Mechanical,8.29,0,3,0,46.6,56.9,0,0,0
Civil,7.78,0,2,0,36.7,87.0,1,0,0
ECE,7.0,2,3,1,88.9,48.3,3,1,1
CSE,7.53,2,1,0,59.3,63.1,0,1,1
CSE,7.32,1,1,2,88.7,40.9,1,1,0
Chemical,6.62,1,3,1,69.8,87.7,3,1,0
ECE,7.46,1,3,0,62.2,35.3,1,1,0
Electrical,6.84,2,3,1,98.1,38.4,3,0,0
ECE,6.55,2,1,0,41.7,50.5,1,1,1
Chemical,5.94,0,2,3,84.9,79.8,1,0,0
CSE,7.08,0,3,3,83.7,74.3,1,0,0
CSE,7.91,0,1,0,34.7,61.8,1,0,0
Chemical,6.77,3,2,0,89.7,75.3,1,1,1
Chemical,9.67,3,2,0,78.5,58.3,2,1,1
ECE,8.2,2,1,0,60.3,66.3,1,0,0
ECE,8.57,0,2,1,49.6,84.8,2,1,1
ECE,8.12,1,1,2,37.8,56.3,1,0,0
ECE,9.07,0,4,0,100.0,,3,1,1
CSE,6.69,1,1,1,57.4,67.1,0,0,1
Electrical,5.1,0,1,1,37.3,71.1,2,0,0
CSE,7.0,2,0,0,77.8,61.7,0,0,1
Civil,7.9,0,0,0,17.5,75.1,0,1,0
CSE,7.54,1,1,1,56.3,57.0,1,1,1
CSE,7.65,3,2,1,98.9,61.9,1,0,1
Civil,8.59,1,0,3,57.4,65.6,3,0,0
ECE,7.74,0,1,0,57.0,64.3,0,0,1
Civil,8.12,3,0,0,53.3,84.2,0,1,1
CSE,6.55,1,2,0,69.0,65.5,0,0,1
Chemical,6.41,1,0,0,49.9,55.4,2,1,0
Civil,8.85,1,2,0,41.3,67.9,1,0,0
Electrical,7.49,2,3,2,59.6,75.1,2,0,0
CSE,6.84,1,3,0,69.0,71.6,0,1,1
ECE,6.84,1,1,1,52.9,70.8,1,1,0
ECE,6.82,1,3,0,90.8,37.5,1,0,0
Mechanical,6.76,0,3,0,73.9,22.6,2,0,1
CSE,6.25,2,0,1,56.2,79.1,0,0,0
CSE,6.05,0,2,1,53.5,66.6,1,0,0
ECE,7.22,1,3,0,69.2,59.7,1,0,0
CSE,6.87,1,1,2,100.0,70.4,1,1,0
ECE,8.4,0,2,0,48.5,88.9,2,0,1
CSE,7.66,1,2,0,74.1,81.2,0,0,1
CSE,7.64,1,0,0,72.6,74.4,0,0,1
Mechanical,6.73,0,4,1,61.0,46.7,0,0,0
ECE,7.29,0,1,0,55.8,48.6,0,0,0
ECE,7.72,2,0,1,85.8,24.2,1,1,0
Mechanical,8.04,3,0,0,65.2,69.5,4,0,1
Civil,7.32,1,2,0,70.2,76.6,1,1,0
ECE,8.37,0,3,2,80.6,,0,0,1
Mechanical,7.41,0,3,0,76.1,70.1,2,0,1
Chemical,8.11,0,4,0,89.5,57.7,1,0,1
Mechanical,6.96,1,2,0,83.0,51.5,1,1,1
Chemical,5.77,3,2,0,100.0,47.6,2,0,0
Electrical,7.64,2,2,0,88.9,57.5,3,1,1
CSE,8.05,0,0,0,56.9,45.3,1,0,0
ECE,7.92,3,4,0,94.3,86.3,3,1,1
Civil,7.78,1,2,0,67.8,40.5,0,0,1
Chemical,7.09,0,2,0,89.6,57.0,0,0,1
ECE,6.67,1,2,0,51.6,31.0,0,1,1
CSE,7.9,0,3,0,88.0,64.4,0,0,1
Mechanical,7.78,2,1,0,45.7,60.0,1,0,1
CSE,6.9,1,3,1,89.2,54.6,2,1,0
Civil,8.4,1,3,0,54.1,46.0,1,1,0
Mechanical,6.61,1,3,0,70.6,60.0,0,1,1
Civil,6.87,3,0,0,27.6,51.8,1,0,0
Electrical,8.87,1,1,0,76.3,57.9,1,0,0
Mechanical,8.18,1,2,0,62.7,89.4,1,0,1
Mechanical,7.08,0,3,1,62.7,62.6,2,0,0
Civil,7.66,3,4,0,100.0,68.0,1,0,1
Electrical,7.54,1,2,0,58.1,53.0,1,0,1
Electrical,5.0,0,1,2,66.2,48.2,0,0,0
CSE,6.58,2,1,0,77.8,59.7,2,0,1
Mechanical,7.35,0,2,2,60.6,97.6,1,0,1
CSE,7.08,0,1,1,100.0,55.7,1,0,1
Electrical,7.62,1,2,0,66.1,65.4,1,0,1
Mechanical,8.42,0,3,0,49.8,47.6,2,0,0
ECE,7.11,1,2,0,100.0,18.7,0,1,0
CSE,6.45,0,2,2,69.5,48.2,2,0,0
ECE,7.69,0,0,0,32.1,95.7,3,0,1
Civil,7.11,0,1,2,36.7,68.9,0,1,0
CSE,7.26,0,3,0,55.6,84.6,2,0,1
CSE,7.14,3,2,0,48.6,54.8,1,0,1
Electrical,9.42,1,1,0,55.5,24.6,2,1,1
Civil,5.38,1,1,0,50.7,43.4,2,1,1
CSE,7.05,1,0,0,92.2,66.0,1,1,1
CSE,7.4,2,3,2,93.3,63.6,2,1,1
Chemical,6.7,0,2,0,65.5,59.8,2,1,1
Civil,8.21,0,2,2,36.9,,1,0,0
Mechanical,8.13,1,2,3,74.9,74.1,0,0,0
ECE,7.36,1,1,0,91.0,52.5,1,0,1
CSE,7.16,2,2,0,86.1,64.6,3,0,1
CSE,7.3,2,0,0,80.6,62.9,3,1,1
Civil,7.31,2,4,0,40.2,54.5,1,0,0
CSE,7.33,0,0,3,88.0,46.8,1,1,0
CSE,7.23,0,2,2,100.0,53.6,1,0,0
Civil,7.63,0,0,2,52.8,88.1,1,0,0
Chemical,8.08,2,3,0,51.3,76.7,2,1,1
Civil,6.29,3,1,0,53.1,75.3,3,0,1
ECE,6.45,3,4,0,71.4,48.2,1,0,1
ECE,5.83,0,0,2,54.5,,3,0,0
ECE,8.18,2,3,0,85.7,76.4,4,0,1
ECE,7.63,1,3,0,77.0,73.6,1,0,1
Mechanical,7.85,2,1,0,76.1,62.1,0,1,0
ECE,6.11,1,1,0,72.7,54.4,2,1,0
Mechanical,9.01,0,2,0,41.4,38.0,2,1,1
Electrical,6.85,0,3,0,57.0,73.0,0,1,0
Chemical,7.55,3,3,2,53.9,77.8,1,1,0
CSE,8.17,1,1,1,70.6,49.8,0,0,1
ECE,6.51,1,2,0,100.0,48.6,1,1,0
CSE,6.91,1,1,1,100.0,78.6,1,1,0
ECE,7.56,1,1,0,81.1,50.4,2,0,1
CSE,9.97,3,2,1,83.1,86.7,1,0,1
CSE,7.67,0,1,0,47.5,58.4,0,1,1
Civil,8.85,0,1,0,54.0,54.2,0,1,1
ECE,8.49,2,3,0,59.8,60.7,1,1,1
Chemical,7.73,1,3,0,89.3,54.2,0,0,0
CSE,6.51,0,3,0,49.1,76.9,0,1,0
CSE,8.35,0,0,1,75.9,73.3,2,0,0
ECE,6.05,0,4,1,57.3,76.3,1,1,0
CSE,8.84,0,2,0,74.8,62.8,0,1,0
CSE,7.58,0,2,0,87.0,53.2,1,1,1
Chemical,5.01,0,0,1,67.4,59.9,1,1,0
CSE,7.09,2,3,0,80.9,53.6,2,0,1
CSE,7.99,2,2,0,92.7,82.0,1,1,1
Mechanical,7.19,2,3,0,52.1,75.0,0,1,1
ECE,8.04,1,3,0,76.4,58.6,0,0,0
Mechanical,6.63,0,3,0,78.0,46.1,1,0,0
ECE,6.22,3,3,0,82.0,83.1,2,1,1
Electrical,7.34,2,4,0,63.5,62.1,1,0,0
CSE,7.43,1,1,1,69.0,58.0,1,0,1
ECE,7.09,0,1,1,82.3,83.2,1,1,1
Civil,8.5,0,3,1,36.3,52.4,2,0,1
Electrical,6.63,1,2,0,48.0,55.2,1,0,0
ECE,7.68,1,2,2,79.8,56.5,1,1,0
Mechanical,7.46,0,3,1,52.1,40.3,1,0,0
CSE,6.0,3,2,0,54.8,64.7,0,1,1
CSE,6.21,1,3,0,100.0,48.6,0,0,1
CSE,7.41,1,1,0,54.2,51.4,0,1,1
Civil,9.18,0,3,0,52.4,49.4,2,0,1
CSE,7.92,2,1,1,64.8,51.2,1,1,0
Civil,5.85,2,2,1,51.6,47.4,4,1,0
CSE,5.0,0,3,2,62.1,63.7,2,1,0
Electrical,8.06,1,1,2,74.9,57.7,1,0,0
Electrical,7.31,1,1,0,64.0,60.7,2,0,1
CSE,8.43,2,1,3,93.7,95.3,0,0,1
CSE,6.61,0,2,2,64.0,57.7,1,0,0
CSE,7.72,2,2,0,100.0,69.1,1,0,1
Electrical,8.16,1,1,0,27.7,70.8,1,1,1
CSE,7.0,0,3,0,49.5,59.1,0,0,1
Mechanical,7.02,0,1,0,85.6,64.1,1,0,1
ECE,7.42,0,2,0,75.5,60.3,1,0,0
Electrical,7.89,0,2,0,69.1,63.0,0,1,1
ECE,7.39,1,0,0,70.8,51.2,2,1,0
Mechanical,8.28,2,0,0,65.3,52.6,1,0,1
Chemical,6.98,0,4,0,66.4,60.3,0,0,0
CSE,6.2,3,3,1,66.6,30.4,3,0,1
Electrical,9.18,0,0,2,71.7,82.4,2,1,1
CSE,6.86,1,3,3,91.9,92.4,0,1,1
ECE,6.89,3,2,0,98.7,62.6,1,0,1
Electrical,7.34,2,0,0,92.8,70.0,1,0,0
Civil,7.46,1,3,2,63.9,76.2,1,1,0
Civil,7.05,2,2,0,34.9,40.1,2,1,0
CSE,7.38,0,1,3,100.0,73.9,2,0,0
ECE,7.36,0,3,1,51.7,53.6,1,0,0
ECE,7.56,1,1,0,72.1,94.4,0,0,1
Mechanical,5.28,0,1,0,49.4,57.2,0,1,1
ECE,9.09,1,1,0,58.2,73.6,0,0,1
ECE,7.27,0,3,0,83.8,57.3,2,1,1
ECE,7.92,3,3,0,80.4,93.0,2,1,1
CSE,6.16,2,4,1,94.2,52.3,0,1,1
ECE,6.98,2,1,0,53.3,77.5,2,1,1
CSE,6.79,2,3,0,78.9,69.4,1,0,0
Electrical,8.72,0,2,0,49.1,66.1,2,1,1
Mechanical,6.87,0,1,0,50.4,63.4,2,1,1
CSE,8.08,1,0,0,68.9,50.0,1,1,1
Civil,6.81,1,3,1,91.2,21.2,0,0,0
Electrical,6.99,1,1,0,,76.1,0,0,0
CSE,7.18,1,2,1,38.7,52.7,2,1,1
CSE,8.56,1,2,0,100.0,77.5,2,0,1
CSE,5.7,0,0,0,77.1,65.3,0,1,0
CSE,6.22,0,4,1,78.6,78.0,1,0,0
Civil,5.65,1,3,1,50.1,72.0,2,0,0
Chemical,6.42,1,2,1,40.0,23.0,1,1,0
CSE,6.67,3,3,0,100.0,69.2,1,1,1
Civil,5.95,1,2,2,55.9,54.8,3,1,0
CSE,6.74,2,3,0,50.7,,2,0,1
Mechanical,5.59,2,1,0,63.9,68.9,2,0,0
Civil,6.48,0,2,1,74.7,69.0,2,0,0
ECE,8.48,1,1,0,68.8,55.9,1,1,1
CSE,7.76,1,2,1,60.8,46.3,0,0,1
Mechanical,7.57,1,2,0,41.2,53.5,2,0,0
Chemical,6.5,0,1,0,35.5,33.0,2,0,0
CSE,6.02,3,4,0,100.0,51.1,2,1,1
CSE,6.37,3,0,1,73.7,38.0,0,1,0
CSE,7.36,0,0,1,38.8,38.4,3,0,0
Mechanical,8.18,0,2,0,63.9,61.7,1,1,1
Mechanical,8.21,0,2,0,59.5,68.0,4,0,1
Electrical,7.97,2,1,0,55.9,59.5,1,0,1
Civil,6.74,1,2,0,36.6,52.5,1,0,0
Electrical,7.42,0,3,1,46.8,45.8,0,1,0
Electrical,7.11,2,0,0,80.6,55.2,2,0,0
CSE,7.22,1,4,0,87.5,47.7,1,0,1
Mechanical,9.23,1,1,0,64.6,59.1,1,1,1
CSE,5.81,1,2,0,81.4,37.2,0,1,1
ECE,7.19,1,1,1,71.9,70.5,1,1,1
Chemical,8.49,1,3,1,51.6,51.5,2,1,0
Civil,6.08,0,3,0,52.3,65.6,1,1,1
Chemical,6.82,1,1,3,75.0,73.3,0,0,0
ECE,6.92,3,1,0,95.5,64.9,3,1,1
Mechanical,7.2,1,1,2,34.0,72.0,1,0,0
ECE,5.96,3,0,0,63.3,29.0,0,0,0
CSE,7.94,1,4,0,98.1,52.6,0,1,0
CSE,8.0,2,2,1,100.0,76.5,0,0,1
Mechanical,7.86,0,2,0,89.1,67.6,1,0,1
CSE,6.62,2,4,1,70.7,87.7,1,0,1
Chemical,7.48,0,3,0,81.0,85.6,0,1,1
CSE,6.59,0,3,0,79.1,64.5,2,1,0
CSE,7.1,0,1,2,90.8,56.2,1,0,1
Civil,9.34,0,1,0,64.2,45.6,2,0,1
CSE,7.49,3,1,0,,52.9,2,1,1
Chemical,6.33,3,1,0,67.9,,1,1,1
Civil,7.56,2,2,0,75.1,51.1,0,0,1
CSE,6.18,0,1,1,71.6,46.2,0,0,0
Civil,6.32,2,2,0,52.6,66.0,3,1,1
Mechanical,6.46,2,2,2,32.7,85.4,1,0,0
Civil,7.0,0,1,0,62.3,74.0,1,1,1
Electrical,8.24,1,1,0,65.8,55.2,0,0,1
Civil,7.92,1,2,0,38.4,75.2,0,1,0
Mechanical,7.87,0,2,0,51.1,65.2,2,1,1
ECE,6.41,1,3,1,74.8,59.4,2,1,0
Civil,6.91,2,3,0,49.9,58.5,1,1,0
Chemical,7.64,0,1,0,52.0,57.0,1,0,1
Mechanical,6.83,1,0,2,21.5,69.8,0,0,0
Civil,7.15,1,1,0,76.3,62.1,3,0,1
ECE,7.8,2,1,0,68.3,49.1,1,1,0
Civil,7.09,3,2,1,39.2,48.3,1,1,1
Chemical,7.6,2,4,0,,64.6,0,0,1
CSE,8.83,1,1,2,92.5,66.4,0,1,1
CSE,7.25,1,1,1,84.0,55.3,1,0,0
Mechanical,8.46,1,3,0,65.8,43.0,1,0,1
ECE,7.9,1,2,0,84.5,78.8,0,0,0
Mechanical,6.08,0,0,0,66.5,75.6,1,1,0
CSE,6.41,1,1,1,77.5,30.2,0,0,1
ECE,6.65,2,4,0,72.4,80.1,1,0,1
Mechanical,6.63,1,1,1,48.5,56.9,2,1,0
Mechanical,7.32,2,2,0,68.6,62.8,2,0,0
Civil,7.95,1,3,0,83.1,77.1,2,0,1
Civil,8.53,1,1,0,50.1,84.8,1,0,1
Mechanical,7.68,0,3,0,86.6,75.0,1,0,0
Electrical,7.0,0,1,0,66.7,63.6,1,0,1
Mechanical,5.53,1,1,0,62.9,39.4,0,0,0
Mechanical,7.46,1,1,2,99.3,29.6,3,1,0
Mechanical,7.42,0,4,0,92.7,73.2,1,1,0
CSE,7.56,0,1,1,100.0,80.1,1,1,0
CSE,9.3,0,1,0,57.6,47.8,0,0,1
Mechanical,8.52,2,4,1,100.0,56.0,1,0,1
Electrical,8.11,2,1,0,62.5,51.6,1,0,1
Civil,6.53,1,3,1,53.9,51.2,2,0,0
CSE,6.94,0,3,0,39.1,76.1,2,1,0
Mechanical,7.31,0,2,0,,63.3,4,0,0
CSE,6.7,0,3,0,58.5,56.6,2,1,0
Civil,7.85,1,3,0,65.3,99.9,2,1,1
Electrical,7.72,0,1,0,39.1,38.5,2,0,0
Mechanical,6.42,0,4,0,95.4,68.2,0,1,0
Mechanical,8.48,3,4,3,78.9,44.3,1,0,0
ECE,7.49,1,3,0,100.0,57.6,1,1,1
ECE,5.84,2,2,0,52.6,62.2,0,1,1
Electrical,7.35,0,2,2,90.9,72.7,0,0,0
Civil,7.65,0,2,1,20.6,56.1,0,0,0
Mechanical,8.28,3,0,0,60.7,54.5,1,0,1
ECE,7.1,1,2,0,57.6,55.8,0,1,0
CSE,8.15,1,2,0,68.9,43.8,2,0,0
CSE,7.57,3,3,0,74.7,69.5,1,1,1
CSE,6.22,1,1,0,57.5,64.2,5,0,0
ECE,6.13,0,2,1,44.3,66.5,2,1,0
Chemical,8.41,1,2,1,49.0,59.0,3,0,0
Mechanical,8.48,0,2,0,59.1,57.1,1,1,1
CSE,7.69,0,4,0,100.0,77.6,1,1,0
CSE,8.75,0,3,0,83.3,75.3,1,0,1
ECE,8.35,2,0,0,86.0,81.2,1,0,1
Electrical,8.02,1,0,0,32.4,65.6,2,1,1
ECE,6.58,0,3,0,62.2,80.3,2,1,0
Civil,8.96,0,2,0,65.8,53.8,1,1,0
Electrical,7.88,1,3,2,74.2,57.0,0,0,0
CSE,7.05,3,1,0,62.5,77.9,1,1,0
Mechanical,6.8,0,0,0,67.8,72.7,2,1,0
Chemical,7.63,0,2,0,45.4,55.6,3,1,0
ECE,5.9,2,3,0,60.0,44.3,0,0,1
CSE,8.03,2,4,0,93.8,56.9,3,0,1
Chemical,6.54,3,3,0,64.1,49.7,1,1,1
Electrical,7.73,0,2,0,53.6,85.9,2,1,0
Mechanical,6.93,0,3,1,50.0,71.4,0,1,1
Mechanical,7.16,1,0,2,33.7,48.5,0,1,0
CSE,6.72,0,2,0,67.9,44.3,0,0,1
Electrical,7.25,2,4,0,92.8,48.3,0,1,1
ECE,9.1,0,2,0,71.4,51.6,0,1,1
